name,email,dob,gender,contact,address,religion,community,minorityStatus,residentialStatus,admissionQuota,country,course,department,yearOfAdmission,Semester 1,Semester 2,Semester 3,Semester 4,Semester 5,Semester 6,Semester 7,Semester 8
Jeffery Petty,samanthafoley@gmail.com,2006-02-16,Female,3576327980,"Unit 9659 Box 0329, DPO AA 71699",Muslim,ST,Non-Minority,Hosteller,7.5 Reservation,Domestic,B.Tech,Information Technology,2022,C,,O,B,B,O,O,O
Carla Jones,pedwards@yahoo.com,2007-04-27,Male,4486469552,"6193 Wendy Prairie Suite 205, Donnaside, AZ 21186",Christian,OBC,Minority,Hosteller,7.5 Reservation,Domestic,B.E,Artificial Intelligence,2023,A+,B,,O,O,O,O,A+
Timothy Mason,jessica54@gmail.com,2005-02-02,Female,4915726306,"645 Isabel Harbors Suite 919, West Brooke, FL 97228",Hindu,ST,Minority,Day Scholar,Sports,Domestic,B.Tech,Information Science and Engineering,2020,B,B,B+,A,B+,B,C,A
Elizabeth Erickson,fostersean@sawyer-smith.com,2002-11-03,Female,2881720479,"1748 Jerome Greens Apt. 126, Warestad, AK 49798",Jain,SC,Minority,Day Scholar,7.5 Reservation,International,B.Tech,Food Technology,2020,A+,,A+,B,B+,,O,B
Joshua Miller,josephmorris@gmail.com,2001-03-10,Female,2060856006,"616 Stephanie Junctions Apt. 063, North Maryview, WY 29077",Sikh,OBC,Non-Minority,Hosteller,7.5 Reservation,Domestic,B.Tech,Information Science and Engineering,2020,O,B+,A,,C,O,A,
Anthony Torres,sanchezbrian@yahoo.com,2007-12-02,Female,0239394958,"6453 Miranda Stream Apt. 865, East Josephchester, WI 68794",Muslim,SC,Non-Minority,Hosteller,7.5 Reservation,International,B.E,Biotechnology,2021,B,,A,C,C,,,O
Donald Morales,lanceoconnor@hotmail.com,2003-08-01,Male,9487403053,"57204 Mitchell Spring Apt. 293, West Stevenfort, ID 72945",Hindu,MBC,Minority,Day Scholar,Sports,Domestic,B.Tech,Fashion Technology,2021,B+,A+,A,A+,A+,A+,A+,A
Jade Hickman,johnsonnatalie@gmail.com,2002-04-11,Female,5304238946,"8611 Wise Knolls Suite 825, Hartburgh, PA 62841",Hindu,SC,Non-Minority,Day Scholar,7.5 Reservation,International,B.E,Fashion Technology,2022,A,,C,C,,O,B,C
Donald Lamb,williammerritt@bailey.com,2007-08-11,Male,5179192738,"PSC 4274, Box 5191, APO AP 24047",Christian,OBC,Non-Minority,Hosteller,7.5 Reservation,International,B.E,Food Technology,2023,B+,,A+,O,C,A,B,
Christine Evans,ryanfernandez@gmail.com,2007-06-25,Male,3161539800,"45356 Corey Prairie, Denniston, MO 41052",Muslim,OBC,Minority,Hosteller,Government,Domestic,B.Tech,Mechanical Engineering,2024,C,A,O,O,B+,O,C,O
Brenda Watts,brendan40@bowen.com,2005-09-12,Female,9458385472,"104 Wilson Corner, East Ryanbury, NE 35591",Sikh,ST,Non-Minority,Hosteller,7.5 Reservation,Domestic,B.E,Fashion Technology,2023,,A+,A+,A+,B+,B,O,B+
Michael Wolf,barnettkelly@white-scott.com,2006-05-24,Female,3962267715,"PSC 7127, Box 4224, APO AE 22110",Sikh,MBC,Minority,Day Scholar,Sports,International,B.Tech,AIML,2023,O,B,B+,,O,B+,C,A+
Shelley Lee,eescobar@yahoo.com,2005-03-16,Female,5202688632,"190 Jenkins Extensions Apt. 583, Garciaview, MT 70211",Hindu,ST,Minority,Day Scholar,Government,Domestic,B.Tech,Computer Science,2023,A+,A,O,A+,A,,O,B
Ashley Nunez,roger57@hines-davis.com,2007-12-01,Male,6187875564,"25863 Harper Turnpike Suite 397, North Jessica, NE 41158",Hindu,ST,Non-Minority,Day Scholar,Sports,Domestic,B.Tech,Information Technology,2024,B+,,C,,A,B+,,O
Joseph Stout,jordancynthia@wiggins.com,2001-05-10,Female,3109754344,"79485 Erin Rue Apt. 586, North Angelafort, MI 91308",Hindu,ST,Non-Minority,Hosteller,7.5 Reservation,Domestic,B.E,Biotechnology,2024,B,B,B,B+,A,B+,A+,
Chad Foster,jacob77@gmail.com,2005-10-16,Female,8139704412,"817 Cummings Square, North Sallyland, AL 64372",Sikh,OBC,Minority,Day Scholar,7.5 Reservation,Domestic,B.E,Mechanical Engineering,2022,,B+,A+,B+,A,O,O,O
Geoffrey Hanson,uowens@hotmail.com,2007-11-28,Male,5955522137,"0137 Robert Freeway, East Sarah, ID 76804",Christian,ST,Non-Minority,Hosteller,Government,Domestic,B.E,Food Technology,2022,B,B,A,O,C,B,B+,
Jennifer Murray,tjenkins@hotmail.com,2005-04-29,Female,6562192954,"8691 Flores Throughway, New Maryville, KY 76519",Muslim,MBC,Non-Minority,Hosteller,Management,International,B.Tech,Information Science and Engineering,2022,B+,C,C,,A,B+,,O
Jessica White DVM,jacksonbenjamin@hotmail.com,2004-05-09,Female,6651918011,"USCGC Ray, FPO AP 07965",Hindu,MBC,Non-Minority,Day Scholar,Government,International,B.E,AIML,2020,B,O,B,C,B+,B,B,B
Tracy Bennett,xferguson@bates-strickland.com,2001-03-23,Male,3059460424,"58923 Johnson Creek Apt. 826, Burgessmouth, ID 97828",Jain,BC,Non-Minority,Day Scholar,7.5 Reservation,Domestic,B.E,Mechanical Engineering,2023,A,A+,C,,O,O,C,
Heather Wilson,icantu@porter-leon.info,2004-10-26,Male,3456562561,"005 Nicholas Radial, Rossview, WY 89036",Sikh,MBC,Non-Minority,Hosteller,Management,International,B.E,Fashion Technology,2024,O,B+,,A+,C,A,A+,A+
Adam Gill,imeza@yahoo.com,2008-01-09,Female,0353974486,"03002 Allen Crossroad Suite 020, Reyesport, SC 91405",Christian,BC,Minority,Hosteller,Management,International,B.Tech,Information Science and Engineering,2023,O,,O,A,A,,B+,A+
Stacie Hughes,elizabethbutler@gmail.com,2000-11-08,Male,6551319481,"697 Kim Stream, Lake Madelineborough, LA 43114",Jain,SC,Non-Minority,Hosteller,Management,International,B.Tech,Food Technology,2020,O,B,O,A+,B,B,C,B+
Rachel Pacheco,nicholasmann@cisneros-wong.com,2006-07-17,Female,1638405167,"679 Gerald Parkways, Lake Joseph, DE 70405",Christian,MBC,Minority,Hosteller,Sports,Domestic,B.Tech,Mechanical Engineering,2022,A,B+,,,B+,A,B,C
Kenneth Barron,kathleen94@petty.info,2005-06-02,Male,6047267327,"Unit 2365 Box 4668, DPO AA 49628",Muslim,SC,Non-Minority,Hosteller,Government,International,B.E,Biotechnology,2020,,C,O,A+,B+,A,O,
Katelyn Mclaughlin,bburns@hill-barker.info,2000-12-13,Male,1617218232,"948 Anthony Locks, Rickchester, NE 53626",Muslim,SC,Minority,Day Scholar,Management,International,B.E,Information Science and Engineering,2020,,B+,C,,B+,,B+,O
Daniel Dixon,stephen72@smith.com,2001-01-26,Male,8845338611,"1760 Christine Overpass Apt. 600, North Cindy, NY 36866",Hindu,ST,Non-Minority,Hosteller,Sports,Domestic,B.E,Electrical Engineering,2024,B+,B+,,A,B,A,A+,C
Marc Fowler,justinevans@miller.info,2001-06-21,Male,5534051991,"69869 James Key Apt. 787, Autumntown, CT 81870",Sikh,BC,Non-Minority,Day Scholar,7.5 Reservation,International,B.Tech,Computer Science,2024,,A,O,B,C,C,B,B+
Brian Jackson,nunezchristopher@gmail.com,2003-08-16,Female,8088281810,"PSC 1315, Box 5473, APO AE 11014",Jain,MBC,Minority,Hosteller,7.5 Reservation,International,B.Tech,Artificial Intelligence,2021,A,O,B+,B,,B,,
Laura Hall,gary51@hotmail.com,2007-11-24,Male,7810727271,"PSC 8552, Box 2537, APO AP 21031",Sikh,ST,Minority,Hosteller,Government,International,B.E,Biotechnology,2020,A+,B,,,B,A+,A+,B
Ronald Baker,kwyatt@campbell.net,2001-05-09,Male,1343871062,"50908 Matthew Locks, South Andrew, ME 26417",Hindu,BC,Non-Minority,Day Scholar,7.5 Reservation,International,B.E,Information Technology,2020,A+,O,B+,A+,O,A,B,O
Kimberly Martinez,garrett95@wilson.com,2001-07-21,Male,7334398489,"1451 Barnett Corners Suite 708, Daviesfurt, TX 59486",Christian,MBC,Non-Minority,Hosteller,7.5 Reservation,International,B.Tech,Electrical Engineering,2022,B+,,C,A+,C,,C,A
Joanna Evans,katherine66@brown.com,2004-07-22,Male,3638554620,"9828 Timothy Light Apt. 317, New Juliaside, NE 07436",Christian,SC,Non-Minority,Hosteller,7.5 Reservation,Domestic,B.E,AIML,2022,O,B,A+,B+,A+,B,O,C
Jerry Villegas,anthony96@lyons-shields.com,2005-06-20,Female,0910778104,"433 Hannah Mountains, West Suzanne, IL 05081",Sikh,BC,Non-Minority,Day Scholar,Management,International,B.E,Electrical Engineering,2023,O,B,A,C,A+,,C,A
Joanne Davis,romanashlee@yahoo.com,2007-10-11,Female,2098055104,"PSC 3281, Box 6224, APO AA 90461",Christian,MBC,Non-Minority,Hosteller,Sports,Domestic,B.Tech,AIML,2020,A,,A,A,A+,A,C,O
Alice Mcdonald,russelladam@smith.biz,2001-05-21,Female,3186873502,"892 Sullivan Cove, Ryanville, MS 50150",Jain,ST,Minority,Day Scholar,Government,Domestic,B.Tech,Electrical Engineering,2020,C,O,A+,B+,O,B+,B,B+
David Powell,erin57@smith-heath.com,2000-12-08,Female,4850007347,"13963 Jones Hills, East Feliciafort, ND 32152",Jain,BC,Minority,Day Scholar,Management,Domestic,B.Tech,Food Technology,2023,A+,O,C,A+,B,C,B+,
Tracey Hampton,sheilacastillo@bell-coleman.com,2003-06-06,Female,9159105848,"39978 Sanchez Ridges Apt. 429, Lake Katelynchester, IN 74463",Hindu,SC,Non-Minority,Hosteller,Government,International,B.E,Food Technology,2022,C,B,B,A+,B,B,O,C
Kelly Myers,hansenjulia@parker-wilson.com,2004-10-27,Male,4284064501,"0641 Lawson Loop Suite 992, Housetown, HI 77240",Jain,ST,Minority,Hosteller,Sports,International,B.Tech,Information Science and Engineering,2021,A,A,B,B+,B,O,O,
Stephen Snyder,gomezdonna@wilkerson.com,2004-02-01,Female,8368090229,"57939 Taylor River, Christinefort, TX 23308",Muslim,ST,Non-Minority,Day Scholar,Sports,International,B.Tech,Food Technology,2021,,B+,,B+,B+,B,A+,
William Wilson,tim76@jones.com,2007-06-14,Female,3781428249,"230 Marissa Village, Katherinefort, NE 29143",Christian,OBC,Minority,Day Scholar,Management,International,B.E,AIML,2024,O,A,,O,,O,,B
Edward Walters,joycekyle@jones.com,2007-02-04,Male,6942110121,"11230 John Forges, Rossville, MT 06097",Christian,BC,Non-Minority,Hosteller,Management,International,B.E,Information Technology,2022,A+,O,,C,C,C,C,B
Tiffany Campbell,fcannon@yahoo.com,1999-06-30,Male,4752022129,"75057 Snyder Isle, East Tracyberg, ND 98351",Muslim,SC,Minority,Hosteller,7.5 Reservation,Domestic,B.Tech,AIML,2022,C,,A+,B,B+,,C,B
Kathryn Kramer,richard63@nelson.org,2007-04-05,Male,5921995117,"6177 Thomas Cape Apt. 215, Randallfort, CA 10962",Jain,OBC,Minority,Day Scholar,7.5 Reservation,Domestic,B.E,Fashion Technology,2024,A+,O,A+,B+,,B+,O,A
Jason Harris,williamscharles@kennedy.com,2003-08-16,Male,3680503371,"Unit 7262 Box 1213, DPO AP 78078",Muslim,SC,Minority,Day Scholar,7.5 Reservation,International,B.E,Information Science and Engineering,2024,A+,A,A+,B,A,A,O,B+
Lisa Gordon,cheryl30@montes.net,2006-08-15,Male,1866866994,"055 Jones Valley, New Victoria, NY 35165",Jain,BC,Non-Minority,Hosteller,Management,International,B.E,Food Technology,2022,B,O,A+,B,B,,A+,O
Michelle Owens,redwards@hotmail.com,2005-03-11,Female,3765436463,"882 Williams Coves, Jessicaburgh, WV 88284",Jain,ST,Minority,Day Scholar,Government,Domestic,B.E,Computer Science,2020,C,B,A,B+,O,B+,O,B+
Jennifer Schultz,williamsonsamantha@gmail.com,2001-04-25,Male,2973367889,"0426 Bullock Stravenue, Bradstad, ID 15698",Muslim,SC,Non-Minority,Hosteller,Government,International,B.Tech,AIML,2022,,C,A,A+,,,,A
Margaret Contreras,lisa60@hotmail.com,2004-11-13,Male,4298286608,"2056 Walter Crossing, East Evelynfort, AK 34319",Sikh,SC,Minority,Day Scholar,Government,International,B.E,Computer Science,2020,,O,C,A,B,B,A,O
Shelby Johnson,perezadam@hotmail.com,2004-06-30,Male,2227727852,"64315 Kevin Mountain, North Andrea, VT 37871",Hindu,MBC,Minority,Hosteller,Sports,Domestic,B.Tech,AIML,2020,O,A+,C,,,B+,C,A
Jeff Smith,tracyjohnson@peterson.net,2003-09-26,Female,5179238440,"500 Grant Mountains Suite 465, West Timothy, WA 93612",Jain,OBC,Minority,Day Scholar,Sports,International,B.E,Information Science and Engineering,2020,C,C,B,B+,B+,B+,A,A+
Scott Peck,simmonsmichelle@lee-le.net,1999-05-27,Female,5848486441,"1283 Luis Locks Suite 774, Lake Kelly, FL 68538",Muslim,OBC,Minority,Hosteller,Management,International,B.Tech,AIML,2022,B,A+,A+,B+,A,C,A+,
Pamela Roberts,gordon05@hotmail.com,2000-12-07,Female,2547796119,"PSC 2691, Box 2883, APO AA 07262",Hindu,ST,Non-Minority,Day Scholar,Government,Domestic,B.E,Computer Science,2023,,O,A,C,,A+,A+,O
Matthew Roth,collierjaime@small.com,2001-04-20,Female,7356041465,"7788 Coleman Wall Apt. 527, East Jeffrey, MI 33286",Christian,ST,Minority,Day Scholar,Sports,International,B.E,AIML,2022,C,B+,A,B,A,B+,B,C
Tracy Morrow,andersonjoel@hughes.net,2004-08-30,Male,8569956909,"4770 Adam Road Apt. 693, Dianaville, IN 13381",Christian,MBC,Non-Minority,Hosteller,Management,International,B.E,Fashion Technology,2022,A+,B+,A,A,C,A,,A+
Michael Garza,kenneth34@gmail.com,2005-05-22,Female,9185458615,"75202 Brian Village, Sandersport, IN 14711",Sikh,MBC,Non-Minority,Day Scholar,Government,Domestic,B.E,Mechanical Engineering,2022,O,,B,A+,,A,A,
Kevin Fitzgerald,hancockaaron@yahoo.com,2008-02-16,Female,9003888873,"PSC 8885, Box 1545, APO AA 61679",Hindu,BC,Non-Minority,Hosteller,Management,International,B.Tech,Information Science and Engineering,2020,A,A,O,,A+,B+,C,B+
Shawn Hernandez,wendy90@gmail.com,2004-10-02,Female,3758834696,"848 Silva Loaf Suite 297, East Garychester, MS 41840",Christian,MBC,Non-Minority,Day Scholar,Management,Domestic,B.Tech,Electrical Engineering,2022,A,O,B+,B+,B+,A,C,B+
Johnny Johnson,lbaker@gmail.com,2007-10-02,Male,8235039778,"68786 Zachary Mountain, Gilbertbury, AZ 26633",Hindu,SC,Minority,Day Scholar,Management,Domestic,B.Tech,Computer Science,2022,A,,C,O,,O,,A+
Anthony Anderson,urichardson@gmail.com,2003-03-31,Female,0809690516,"5332 Murphy Mountains, North Jaclyn, NH 82485",Christian,BC,Minority,Day Scholar,7.5 Reservation,Domestic,B.E,Computer Science,2022,,A,,O,,B,A+,B
Stacy Riggs,pricejason@anderson-young.com,2001-12-28,Female,5603427182,"112 Melinda Squares Suite 494, Hobbsside, MA 87367",Sikh,MBC,Minority,Day Scholar,Sports,Domestic,B.Tech,Mechanical Engineering,2024,B,C,A+,A,B,O,B+,O
Ellen Floyd,tpowers@yahoo.com,2004-07-29,Female,8919558641,"514 Brock Common Apt. 559, Seanton, ND 67236",Hindu,OBC,Non-Minority,Hosteller,Sports,Domestic,B.Tech,Fashion Technology,2020,,B+,B,,,C,C,O
Jennifer Wolfe,bonilladaniel@williams.biz,2001-11-24,Female,8821761321,"0763 Mckee Haven, Thomasport, MA 68103",Jain,MBC,Non-Minority,Day Scholar,Management,International,B.E,Computer Science,2021,,,B,,B+,A+,B,C
Gabriella Harris,moorejonathan@yahoo.com,2002-03-17,Female,5423392256,"PSC 5393, Box 6225, APO AE 93727",Hindu,MBC,Minority,Hosteller,Management,International,B.E,Computer Science,2024,C,,A+,,B,A,,C
Matthew Graves,lmartinez@schroeder.com,2000-04-06,Male,2314135977,"PSC 4386, Box 8805, APO AP 84901",Muslim,BC,Minority,Hosteller,Management,Domestic,B.E,Information Technology,2022,A,O,,C,B,A+,C,A
Austin Williams,qadkins@yahoo.com,2001-04-12,Male,1986617522,"994 Christian Junctions, Port Sherri, SC 23683",Muslim,MBC,Non-Minority,Hosteller,7.5 Reservation,International,B.E,Mechanical Engineering,2020,O,O,B,O,,B,B,A+
Lori Silva,rachel47@davis.com,1999-05-08,Male,5236948235,"43986 Kelly Bridge Apt. 197, New Jaimestad, VT 26485",Sikh,SC,Non-Minority,Hosteller,Sports,International,B.Tech,Computer Science,2023,C,O,B+,O,A,C,C,A+
Zachary Jones,bryannicholson@hotmail.com,2004-06-17,Female,1203802101,"4724 Lewis Corner Suite 512, North William, OK 74697",Muslim,ST,Minority,Day Scholar,Management,Domestic,B.E,Information Technology,2020,A+,B+,C,B,O,A,B+,B+
Kayla Callahan,romerojames@martin.net,2000-10-21,Male,7026604491,"520 Leach Tunnel Apt. 329, West Angela, CA 39749",Jain,ST,Minority,Hosteller,7.5 Reservation,International,B.E,Mechanical Engineering,2020,B+,B,,O,,,A,
Melissa Freeman,paul03@bailey.net,1999-10-24,Female,1202383787,"066 Sarah Spur, North Olivia, NE 07062",Muslim,ST,Minority,Day Scholar,Government,International,B.E,Electrical Engineering,2024,O,A,O,,C,C,O,A+
Ariana Sanchez,troysimon@hotmail.com,2002-04-13,Female,0399375160,"86463 Vincent Divide, South Nicholas, WY 58758",Christian,BC,Minority,Day Scholar,Sports,Domestic,B.Tech,Information Science and Engineering,2021,A+,O,C,O,,,B+,A
Walter Weaver,erin43@rosales.info,2002-05-03,Male,0405368256,"554 Luis Alley, Port Rachelside, CA 14748",Christian,MBC,Non-Minority,Day Scholar,Sports,Domestic,B.Tech,Mechanical Engineering,2020,B,A,B,B+,B+,A+,A,
Shelly Watts,jasonhernandez@hotmail.com,2008-02-25,Male,9907916296,"32691 Cindy Points, Kimberlyshire, MT 52878",Sikh,ST,Non-Minority,Hosteller,7.5 Reservation,International,B.Tech,Information Technology,2021,O,O,A,A,A+,B+,O,B
Henry Jones,leslie74@phillips.com,2002-10-21,Male,1323496046,"9640 April Lodge, Yoderhaven, LA 47920",Jain,OBC,Minority,Hosteller,Government,International,B.E,Food Technology,2020,B+,B,A,,B,A,A,B+
Douglas English,sandovalsarah@gmail.com,1999-09-11,Male,6223201318,"0032 Lisa Divide Apt. 006, Ashleystad, MA 81842",Jain,ST,Non-Minority,Day Scholar,Government,Domestic,B.E,Mechanical Engineering,2022,O,B+,C,B,,B+,,A+
Richard Newton,victoria86@yahoo.com,2004-08-01,Female,4873256550,"1391 Alexander Estate, North Mathewburgh, CT 98588",Muslim,BC,Minority,Hosteller,Management,Domestic,B.E,Electrical Engineering,2024,C,,,A,A+,B,A,B+
Morgan Brown,teresahaynes@hotmail.com,1999-08-05,Male,0593123754,"PSC 9283, Box 0571, APO AE 49052",Jain,SC,Non-Minority,Hosteller,Government,Domestic,B.Tech,Artificial Intelligence,2020,O,C,B,,B,B,O,B+
Jeremy Dudley,jonesjoshua@ramirez.com,2005-11-14,Male,0848360398,"USCGC Underwood, FPO AP 35594",Hindu,MBC,Minority,Hosteller,Government,International,B.Tech,Information Technology,2020,B+,B+,O,B,A+,,O,C
Donna Spence,jamie24@gmail.com,2001-01-21,Female,1624081360,"6654 Bradley Shoal, New Sheliaside, AZ 31874",Sikh,OBC,Non-Minority,Day Scholar,7.5 Reservation,International,B.Tech,Mechanical Engineering,2020,C,C,C,C,C,A+,B,A+
Karina Archer,jenny73@yahoo.com,1999-05-25,Male,1971006843,"9473 Garcia Well, Bridgetton, VA 11432",Hindu,OBC,Minority,Hosteller,Sports,International,B.Tech,Electrical Engineering,2020,O,B,A,C,A+,B,B+,
Michael Davenport,jimmysanchez@yahoo.com,2001-09-07,Female,5092461087,"357 Taylor Crossroad Suite 052, East Kristen, MO 67802",Jain,SC,Non-Minority,Day Scholar,Sports,International,B.Tech,Information Science and Engineering,2024,B+,,C,A,B,,B+,A
Sharon Warner,michaelvillanueva@gmail.com,2006-04-20,Male,6288616806,"658 Matthew Pine, South Dominiqueton, MD 88744",Christian,SC,Non-Minority,Hosteller,Government,Domestic,B.Tech,Biotechnology,2022,B,B,O,C,B+,A,B+,
Brandi Foster,amanda05@hotmail.com,2006-01-16,Female,0579614015,"463 James Loop, Port Patrick, CT 86660",Christian,MBC,Minority,Day Scholar,7.5 Reservation,Domestic,B.E,Information Science and Engineering,2023,A,B,B+,A,B,,B+,B
Danny Wells,cdonovan@hotmail.com,2001-03-14,Male,4655112102,"040 Sarah Groves Apt. 078, Lake Robert, ME 24425",Sikh,MBC,Non-Minority,Hosteller,Management,International,B.Tech,AIML,2020,,B+,A,O,B+,A+,O,A
Timothy Castillo,daniel41@hotmail.com,2005-12-16,Male,8494902084,"Unit 5919 Box 3721, DPO AP 15621",Muslim,BC,Minority,Day Scholar,Management,Domestic,B.E,Biotechnology,2024,A,B+,B,A,O,,A+,A+
Richard Morales,suttonmax@fisher.biz,2006-09-06,Female,3280088089,"785 Delgado Gardens, East Sandraview, ID 47308",Hindu,MBC,Minority,Day Scholar,Management,International,B.E,Fashion Technology,2020,A+,A,B,B+,C,B+,A,A+
Alexa Savage,andrew12@boyd.com,2004-09-26,Female,7854763885,"11169 Anderson Ferry, Elaineton, AL 77235",Christian,BC,Minority,Day Scholar,7.5 Reservation,Domestic,B.E,Artificial Intelligence,2023,O,,B,A,,C,A+,O
Robert Miller,petersonjeffrey@hotmail.com,2003-08-13,Male,1586483088,"6984 Kimberly Shoal Suite 503, Wilsonland, UT 15082",Christian,OBC,Non-Minority,Day Scholar,7.5 Reservation,International,B.E,Information Science and Engineering,2023,O,O,C,B,B,O,B,A
Jeremy Richards,stephenjimenez@gmail.com,2002-05-29,Male,5603044277,"07208 Karen Spur, Danielborough, AK 61968",Muslim,MBC,Non-Minority,Day Scholar,Government,Domestic,B.Tech,Biotechnology,2020,,O,B+,,B,C,C,
John Stewart,tesparza@krueger-larson.com,2002-11-08,Female,6366804997,"65882 Walter Parks Apt. 106, South Michealbury, VT 84714",Muslim,ST,Non-Minority,Hosteller,Sports,International,B.E,Mechanical Engineering,2024,B,B+,C,B,B,,B,A
Ryan Goodwin,ihodges@gmail.com,2002-02-12,Male,4599543260,"6315 Chase Camp Apt. 886, Lake Daleside, NE 07252",Hindu,SC,Non-Minority,Hosteller,Government,International,B.Tech,Mechanical Engineering,2021,A,C,O,B+,O,B+,B+,B+
Steve Wells,abray@peterson.com,2003-04-11,Male,4537901596,"303 Kevin Streets Apt. 484, South Josephton, GA 85004",Sikh,BC,Non-Minority,Day Scholar,Management,International,B.E,Information Technology,2024,C,A+,A,B+,C,A+,A,B
Shane Burton,philipturner@yahoo.com,2008-03-28,Male,7277511044,"9651 Cobb Garden, Brycetown, TN 87664",Sikh,ST,Minority,Day Scholar,Sports,Domestic,B.E,Information Technology,2022,O,B,C,,A,A,A,A
Natalie Tucker,carol82@castro.org,2002-10-08,Female,3700185397,"0846 Sharon Prairie, Baxterton, WI 61396",Jain,SC,Minority,Hosteller,Government,International,B.Tech,Electrical Engineering,2023,,O,A,A+,C,C,B,B+
Renee Lyons,twoods@hughes-roth.com,2001-07-22,Male,4622172235,"9932 Tate Court Suite 858, Clarkside, WI 27138",Christian,SC,Non-Minority,Hosteller,7.5 Reservation,International,B.E,Fashion Technology,2021,C,C,B,C,A+,A+,B,A
Frederick Eaton,christopherboone@gmail.com,2005-09-19,Male,1986695394,"9785 Young Fort Apt. 856, Lake Melanie, GA 06312",Christian,ST,Non-Minority,Day Scholar,Government,International,B.E,Information Technology,2023,O,C,C,C,B+,A,A+,A+
Melinda Ramsey,christopher79@yahoo.com,2002-09-11,Male,0686715889,"72761 Rodriguez Square, Port Melissafurt, PA 26664",Jain,SC,Non-Minority,Hosteller,Government,Domestic,B.Tech,Artificial Intelligence,2021,A,,B,A,A+,B,C,A
Susan Bernard,gshelton@gmail.com,2001-12-20,Female,0407068532,"106 Martinez Squares, Richardport, CO 90721",Jain,MBC,Minority,Day Scholar,Management,International,B.Tech,Information Technology,2021,A,O,A+,B+,B,,,C
Andrea Alexander,ilindsey@elliott-burke.com,1999-09-22,Female,4473807023,"77050 Diaz Isle, Robertsmouth, IL 67919",Hindu,OBC,Non-Minority,Day Scholar,7.5 Reservation,International,B.Tech,AIML,2023,A,B+,B+,B,O,B,A,O
Melissa Wilson,edwardpayne@johnson.biz,2004-04-30,Male,0794206312,"2331 Daniel Harbor, West Roberto, DE 41345",Hindu,OBC,Minority,Day Scholar,Government,International,B.E,Computer Science,2024,B,B+,B,,O,B,O,C
Michael Rogers,carmen37@hotmail.com,2006-03-13,Female,8772120730,"4638 Turner Junction Suite 914, South Jasonhaven, RI 71929",Muslim,MBC,Non-Minority,Hosteller,7.5 Reservation,Domestic,B.Tech,Artificial Intelligence,2024,B+,B+,A+,B,O,O,B,O
Kristy Ray,kayla32@brown-roberts.com,2007-07-04,Male,9968991420,"21775 Jennings Land Apt. 643, Lake Darryltown, MS 94312",Jain,SC,Minority,Hosteller,Government,Domestic,B.E,Food Technology,2024,C,B+,A+,A,C,B,C,C
Michael Sampson,james50@yahoo.com,2007-05-30,Male,7217952128,"PSC 1272, Box 8362, APO AE 51508",Sikh,ST,Minority,Hosteller,Management,International,B.Tech,Information Technology,2020,A+,A+,C,C,,A+,A,A+
Kimberly Richardson,qjohnson@gmail.com,2003-04-18,Male,6665562110,"783 Tapia Via, New Cynthiaside, DC 92336",Muslim,ST,Non-Minority,Day Scholar,7.5 Reservation,International,B.E,Information Technology,2024,A,C,A,O,C,B,C,
John Griffin,nancy99@jacobson.info,2001-05-10,Female,8519624173,"PSC 8071, Box 0689, APO AE 87751",Muslim,ST,Non-Minority,Hosteller,Sports,Domestic,B.Tech,Electrical Engineering,2023,A,B+,O,A+,A+,O,,A
Christina Reilly,kevinchavez@yahoo.com,2003-08-11,Female,1061772736,"85565 Bates Motorway, Markfort, NJ 51733",Jain,SC,Non-Minority,Day Scholar,7.5 Reservation,Domestic,B.E,Biotechnology,2021,B+,A,O,A+,B,B,B,B
Sabrina Walter,dawn28@mills.com,2002-01-21,Female,9309477139,"226 Salazar Mill, Mariastad, CO 35276",Hindu,ST,Minority,Day Scholar,Government,International,B.E,Fashion Technology,2023,O,B,O,B,C,O,A,O
Charles Gonzalez,jamie20@hotmail.com,2007-01-19,Female,3425011502,"07055 Jeffrey Station Apt. 338, West Melissaborough, TX 65530",Christian,SC,Non-Minority,Hosteller,Management,Domestic,B.Tech,Information Technology,2022,B+,A+,,A,B,B+,A,B+
Megan Rodriguez,gonzalezrebecca@lucas-lewis.com,2001-10-14,Male,7521222509,"991 Clark Lane Suite 600, South Dawn, OR 27757",Muslim,MBC,Non-Minority,Day Scholar,Government,Domestic,B.E,Computer Science,2022,A,B+,O,A,C,O,A,A
Tiffany Clark,martinmario@whitaker.org,2007-04-10,Female,7693103785,"9763 Miguel Harbors, Cynthiachester, VA 33939",Hindu,ST,Minority,Hosteller,7.5 Reservation,International,B.Tech,Food Technology,2022,B+,A+,O,B+,B+,B,C,A+
Michaela Hayes,kevin56@johnson-henry.com,2001-06-15,Female,7956389377,"USNS Evans, FPO AE 48864",Christian,SC,Minority,Hosteller,Sports,International,B.Tech,Food Technology,2024,B,,B,B+,C,A,O,A+
Matthew Franco,hodgecynthia@marks.com,2004-01-09,Female,4498522645,"898 Oscar Crossroad, New Kyleland, PA 83389",Hindu,BC,Minority,Day Scholar,Management,Domestic,B.Tech,Information Technology,2021,B+,,A,,B,O,A+,B
Deanna Robbins,zgibson@jones.com,2004-10-22,Male,3645712714,"8179 Herrera Dam Suite 401, Tracybury, OH 01572",Sikh,BC,Minority,Day Scholar,Government,Domestic,B.Tech,Fashion Technology,2022,C,,,A+,,,,A
Doris Simmons,ewang@greer.com,2002-03-29,Female,2361846110,"39754 Simmons Green, Stephanieborough, FL 43339",Sikh,ST,Minority,Hosteller,Sports,Domestic,B.Tech,Computer Science,2024,C,A,C,B,O,B,B+,B+
Joel Miller,pharris@hotmail.com,2007-08-09,Female,8736591875,"USCGC Smith, FPO AA 94783",Christian,ST,Minority,Day Scholar,7.5 Reservation,International,B.Tech,Information Technology,2022,A+,A+,B+,B,,B+,,O
Courtney Mccarty,slee@atkins.org,2003-12-25,Female,0435232394,"38454 Barbara Prairie, New Keith, ND 88953",Jain,BC,Non-Minority,Day Scholar,7.5 Reservation,Domestic,B.E,Electrical Engineering,2021,C,O,B+,A+,B+,A,B,A
Rachel Miller,millswesley@yahoo.com,2008-01-23,Male,8895828802,"73818 Greene Island Suite 294, Craneview, TX 46220",Sikh,SC,Non-Minority,Hosteller,Sports,International,B.E,Fashion Technology,2020,B+,,C,C,B+,A,O,B+
Laurie Watson,schneideralexander@gmail.com,2005-03-13,Male,2502450626,"37025 Dickerson Loop Apt. 834, New Nicoleborough, MS 70525",Sikh,BC,Minority,Day Scholar,7.5 Reservation,Domestic,B.Tech,Food Technology,2020,B,B+,A+,A+,,,,B+
Sonia Bond,stefanie77@frazier.com,2003-12-10,Female,9835285971,"0969 Meyer Parkway Suite 610, East Jeffery, AK 87438",Sikh,BC,Minority,Day Scholar,Government,Domestic,B.E,Information Science and Engineering,2020,O,,A+,,,,A,A
Howard Dennis,lawrence02@watson.com,2008-04-09,Female,8271580129,"7978 Thomas Circles Suite 878, Jamesland, AL 79794",Sikh,ST,Minority,Day Scholar,Government,Domestic,B.Tech,Computer Science,2021,C,,O,C,A,B+,O,C
Gary Wilkinson,jenniferburns@gmail.com,2007-04-02,Female,3198921336,"Unit 3779 Box 5198, DPO AE 43956",Sikh,MBC,Minority,Day Scholar,Management,Domestic,B.E,Mechanical Engineering,2020,B,,C,,O,,O,
Jose Webb,charles81@taylor.info,2000-10-10,Male,7637841799,"4821 Dana Hills Suite 651, South Julie, OR 53106",Jain,BC,Minority,Day Scholar,Sports,Domestic,B.Tech,Biotechnology,2024,B,A,,A+,B+,B+,C,A
Elizabeth Jones,tallison@caldwell.com,2002-05-13,Male,2770225570,"2821 Durham Well Apt. 491, Chavezberg, MD 89178",Sikh,BC,Minority,Hosteller,7.5 Reservation,International,B.E,Mechanical Engineering,2020,C,B+,B+,B+,B,B+,C,C
Bonnie Lloyd,hodgekathleen@jones.org,2003-03-27,Male,6044957269,"97279 Brandon Mountain Suite 061, Wallerview, MD 75800",Christian,ST,Minority,Hosteller,Government,Domestic,B.Tech,Computer Science,2020,O,,A,C,O,A+,,O
Desiree Doyle,joyskinner@hotmail.com,2003-09-08,Female,5449586309,"144 Steve Manors, East Jennifer, WA 90683",Hindu,BC,Non-Minority,Hosteller,Government,Domestic,B.E,Artificial Intelligence,2022,,B+,B+,C,A+,A+,A,B+
Gina Griffin,margaret19@yahoo.com,2001-10-31,Male,5096033437,"413 Matthew Summit Apt. 383, Thomastown, PA 69597",Jain,MBC,Minority,Day Scholar,Government,International,B.Tech,Computer Science,2020,,B+,A,B+,O,,O,B+
Donna Taylor,yreed@smith.com,2002-02-11,Female,5149399419,"28902 Jennifer Mountains, North Francesport, MT 78764",Christian,OBC,Non-Minority,Hosteller,7.5 Reservation,Domestic,B.E,Mechanical Engineering,2020,C,C,C,A+,O,C,A,A+
Jimmy Farrell,baileykendra@yahoo.com,1999-06-04,Female,7435557075,"70252 Melissa Points, Lake Marcustown, SD 03819",Hindu,MBC,Minority,Hosteller,7.5 Reservation,International,B.E,AIML,2021,B+,A+,A,,B,O,A,C
Michelle Garza,benjaminrandolph@yahoo.com,2002-04-13,Female,2253622312,"469 Phillip Loop Suite 828, Martinezberg, WA 57934",Hindu,MBC,Minority,Day Scholar,7.5 Reservation,International,B.E,Artificial Intelligence,2021,A,C,,C,B+,O,O,A
April Lopez,isaiah67@hotmail.com,2003-05-01,Female,7566603258,"4764 Heath Cape Apt. 709, West Donnafort, KS 18047",Hindu,SC,Minority,Hosteller,Management,Domestic,B.E,Information Technology,2024,B+,B+,B+,B+,B+,,A+,B
Catherine Wilson,bentonsheila@gmail.com,2004-10-29,Female,0371596809,"4723 Simpson Walks Suite 449, Ericstad, CA 14599",Hindu,MBC,Non-Minority,Day Scholar,Government,Domestic,B.Tech,Artificial Intelligence,2020,C,C,,B+,B+,,B,
Rebecca Murphy,christopher41@yahoo.com,2007-07-29,Male,9308732259,"37637 Ryan Inlet, North Carl, MO 02069",Christian,OBC,Minority,Day Scholar,7.5 Reservation,Domestic,B.Tech,Computer Science,2022,O,,C,A,B+,A+,B,B+
Emily Lee,clong@gmail.com,2004-03-05,Male,8965548508,"622 Williamson Junction Apt. 625, Lake Misty, HI 18752",Christian,MBC,Non-Minority,Day Scholar,Management,Domestic,B.Tech,Information Science and Engineering,2021,A+,B,B+,A+,B,C,,A+
Thomas Johnson,davisjames@hotmail.com,2000-02-28,Male,4546151583,"65373 Holly Highway Suite 964, South Anthonyfurt, WA 94996",Muslim,ST,Minority,Hosteller,Government,Domestic,B.Tech,Information Science and Engineering,2021,B,A,O,A+,A,A,,B
Andrea Adams,robert15@yahoo.com,2000-08-16,Female,8819690889,"803 Crystal Extensions Suite 472, Martinezport, ID 46565",Jain,BC,Non-Minority,Day Scholar,Management,Domestic,B.Tech,Information Science and Engineering,2020,B,,B,,A,O,B,A+
Kevin Lowery,joshua19@gmail.com,2006-12-29,Female,9136382211,"Unit 7997 Box 9686, DPO AE 29954",Hindu,MBC,Minority,Hosteller,7.5 Reservation,International,B.Tech,AIML,2021,C,B+,B+,A+,O,,O,O
Brandi Gutierrez,chandlerhector@dillon-mitchell.com,2002-09-24,Male,1704657488,"3460 Adams Land, Port Ashleyborough, TN 22368",Hindu,SC,Minority,Hosteller,Management,Domestic,B.E,Information Science and Engineering,2023,,A,B+,,C,B,B,A+
Jeffrey Sandoval,dennis70@abbott.com,2000-06-20,Female,5988203162,"82736 Jennings Route Apt. 835, East Richard, MN 27422",Muslim,SC,Minority,Hosteller,7.5 Reservation,Domestic,B.E,Biotechnology,2024,,B,B,,C,A,O,C
Kristin Reyes,melindaunderwood@hotmail.com,2000-09-07,Female,5252017996,"4771 Oconnell Forks Suite 117, South Michael, OR 23957",Jain,ST,Minority,Day Scholar,Management,Domestic,B.Tech,Information Technology,2020,O,O,B+,C,B,B+,O,A+
Danielle Allen,flee@gmail.com,2005-03-20,Male,5242172282,"7141 Bernard Crossing Apt. 358, Donnashire, NY 48756",Jain,SC,Non-Minority,Day Scholar,Government,International,B.Tech,Artificial Intelligence,2020,A+,O,C,C,A,A+,B,C
Taylor Crane,rsavage@lin.com,2001-11-30,Male,0132548835,"566 Cook Junctions, South Joshuaville, NH 29413",Christian,OBC,Minority,Hosteller,7.5 Reservation,International,B.Tech,Artificial Intelligence,2021,A,A+,A,C,B,C,B,B+
Mark Martinez,nunezbrian@yahoo.com,2005-08-01,Female,7355965019,"843 Bowers Forge Suite 315, Tinashire, MS 44216",Jain,SC,Non-Minority,Day Scholar,Sports,International,B.Tech,Artificial Intelligence,2020,,C,B,C,C,C,A+,A
Susan Russell,jessicahall@yahoo.com,2004-09-20,Male,6024955227,"5514 Wanda Pike Apt. 910, East Joshua, CT 70903",Muslim,ST,Minority,Hosteller,Management,International,B.Tech,Information Science and Engineering,2020,A+,O,A+,O,B+,,B,A
Daniel Hester,jacobroth@yahoo.com,2002-07-23,Female,7858759991,"127 Parrish Mountains, Jamieville, MI 83616",Sikh,MBC,Minority,Hosteller,Sports,International,B.E,Information Science and Engineering,2020,C,B,A+,B,O,C,B,B
Lauren Moreno,breanna30@hotmail.com,2001-07-17,Male,2640913752,"USS Poole, FPO AA 38231",Jain,SC,Minority,Day Scholar,Management,Domestic,B.Tech,Biotechnology,2020,A+,C,,,C,O,B,O
Clifford Evans,rachelmanning@harrington-schmitt.com,2007-06-09,Male,8861192518,"39948 Deborah Union Apt. 529, Fordborough, VA 78110",Sikh,MBC,Minority,Day Scholar,Sports,Domestic,B.Tech,Biotechnology,2023,A,A+,C,C,O,C,A+,O
Aaron Woods,alanoliver@gentry-white.com,2001-09-05,Female,9169245021,"31562 Jones Cliff, West Kimberly, NY 47748",Sikh,OBC,Minority,Hosteller,Sports,International,B.Tech,Electrical Engineering,2022,O,A,B+,B+,B,A,B,
Laura Cook,dhiggins@hotmail.com,2005-07-04,Male,5521929266,"427 Jennifer Fall Suite 141, East Samuelborough, WY 38187",Sikh,BC,Non-Minority,Day Scholar,Management,Domestic,B.Tech,Fashion Technology,2021,A,C,A+,B,B,O,A+,O
Holly Mcguire,joelgutierrez@gmail.com,2005-04-17,Male,7561118216,"Unit 3708 Box 1586, DPO AE 83016",Muslim,BC,Non-Minority,Hosteller,7.5 Reservation,International,B.Tech,AIML,2022,A+,B,A+,,B,C,B,C
Elizabeth Wells,warrenkathy@reynolds.com,2004-01-26,Female,6296241004,"059 Rachel Plains Suite 428, Gateschester, KS 90780",Muslim,BC,Non-Minority,Hosteller,Sports,International,B.Tech,Fashion Technology,2024,,,O,O,A+,O,A,C
Hannah Ellison,jlawson@gmail.com,2004-12-11,Male,1274121787,"7118 Cantu Mission, North Thomasfurt, WY 53827",Sikh,BC,Non-Minority,Hosteller,Sports,Domestic,B.Tech,Mechanical Engineering,2022,C,B,B+,C,,B+,B+,O
Michelle Hall,justin27@hotmail.com,2005-08-10,Female,1323582280,"39640 Kim Station, New Tracy, KY 52045",Muslim,SC,Minority,Day Scholar,Management,Domestic,B.Tech,Information Technology,2023,A,C,C,,B+,A,B+,
Thomas Preston,kristopherjones@robinson.com,2001-08-31,Female,0160284013,"56790 Oneill Vista, Ronnietown, WY 10344",Muslim,MBC,Minority,Hosteller,7.5 Reservation,International,B.E,Food Technology,2023,B+,A,C,C,O,O,,B
Kathleen Miller,gwilliams@hotmail.com,2001-12-11,Male,9293515725,"PSC 4319, Box 4981, APO AE 19800",Sikh,MBC,Non-Minority,Hosteller,7.5 Reservation,Domestic,B.E,Information Science and Engineering,2020,C,C,A,C,A+,,A,B
Jeffery Miller,huffdominique@rodriguez.com,2005-06-06,Male,7066773793,"59575 Gabriel Ford Suite 267, Jennaberg, ID 62789",Christian,SC,Minority,Hosteller,Management,International,B.E,Food Technology,2020,A,B,A,,C,C,B+,
Patricia Copeland DDS,zoe93@hawkins.com,2001-06-12,Male,7841953834,"20803 Randall Turnpike Apt. 262, Robinland, NY 06902",Christian,ST,Minority,Hosteller,Government,International,B.Tech,Computer Science,2024,A+,,C,B,B+,A+,B,O
Shawn Johnson,wgraves@hotmail.com,2003-04-05,Female,2228766675,"3749 Todd Manors, Hesterport, TX 26678",Muslim,MBC,Non-Minority,Day Scholar,Sports,International,B.Tech,Information Science and Engineering,2021,A,A+,A+,O,A+,A+,C,O
Thomas Romero,ericawade@gmail.com,1999-10-25,Female,5835040509,"8780 Anthony Roads Apt. 956, Lake Aaron, TN 22102",Jain,MBC,Non-Minority,Hosteller,Management,Domestic,B.Tech,Computer Science,2021,C,A,A,C,,O,O,
Samantha Kim,jakeclark@gmail.com,2000-05-09,Female,3829876615,"7384 Pittman Bridge Suite 314, East Monicatown, GA 71308",Hindu,ST,Non-Minority,Day Scholar,Government,International,B.Tech,Biotechnology,2020,B,O,B,B+,A+,A+,,
Katrina Holland,hayesvanessa@gmail.com,2004-03-30,Male,8091289234,"5799 Cobb Circle Suite 205, Markview, ME 86084",Muslim,OBC,Non-Minority,Hosteller,Management,International,B.Tech,Electrical Engineering,2024,B+,O,A,C,A+,,A+,A+
David Cooke,katherine18@yahoo.com,2000-01-26,Female,9428394708,"753 Thornton Curve, Isaacberg, DC 89636",Christian,SC,Non-Minority,Hosteller,Government,Domestic,B.Tech,Information Science and Engineering,2021,A,A,O,B,A,O,C,
Debra Hammond,williampugh@mcbride-reed.com,2005-09-27,Female,6603976232,"USS Long, FPO AA 11882",Hindu,OBC,Non-Minority,Hosteller,Government,Domestic,B.E,AIML,2023,A,A+,B,C,,B+,B+,B+
Catherine Grant,christopherrodriguez@king.com,2002-02-27,Male,9220255022,"0956 Carla Forges Apt. 738, Port Andrew, KY 56108",Hindu,SC,Minority,Hosteller,Management,Domestic,B.E,Information Science and Engineering,2020,B+,B,B+,C,O,B+,A+,
Terri Thompson,mortonbruce@hotmail.com,2008-01-09,Female,6429759392,"2854 Sherri Vista Suite 619, Williamton, OR 12920",Hindu,ST,Minority,Day Scholar,Sports,International,B.E,Artificial Intelligence,2021,B,A+,B+,B+,O,,A,B
Melissa Cole,brian67@jackson.com,2007-11-25,Female,2597612714,"3623 Phillips Cliff Suite 114, Lake Melissa, OK 52966",Muslim,SC,Non-Minority,Hosteller,Government,Domestic,B.E,Electrical Engineering,2024,A+,B+,O,B,,O,A,
Juan Black,kimberlyrosales@cole.com,2001-06-04,Male,1962949637,"582 Morgan Cove, New Rebeccafort, PA 26131",Jain,OBC,Non-Minority,Hosteller,7.5 Reservation,Domestic,B.E,Biotechnology,2023,,O,B,C,A,B,A+,C
Denise Horne PhD,burtonhector@gmail.com,2007-06-15,Male,6022066173,"54451 Randolph Land Apt. 599, Mullenburgh, CA 97865",Sikh,BC,Minority,Hosteller,Sports,International,B.E,Biotechnology,2021,,A+,B+,B+,A+,A,B+,C
Johnny Johnson,dlutz@hotmail.com,2007-05-21,Female,2605266093,"4397 Rodriguez Club Suite 475, Drewshire, IN 74064",Muslim,OBC,Non-Minority,Day Scholar,7.5 Reservation,International,B.Tech,Computer Science,2020,A,B+,C,B+,O,B,A+,A+
Judy Ali,jmoore@gmail.com,2003-08-19,Female,4481029638,"419 James Harbors, Whitechester, NE 33751",Jain,MBC,Minority,Day Scholar,Sports,Domestic,B.E,Electrical Engineering,2021,O,A,C,A+,A,A,O,B+
Melanie Hamilton,lydia63@yahoo.com,2001-10-13,Female,2477257903,"48970 Davis Trail, Thomaston, OK 81024",Muslim,ST,Minority,Hosteller,Sports,International,B.Tech,Information Science and Engineering,2021,A,A,B,C,,B,B,B
Devin Bonilla,vincentaguilar@martin.biz,2000-09-11,Male,9513358499,"90209 Stevens Point, Karenmouth, MS 58653",Sikh,OBC,Non-Minority,Hosteller,Management,International,B.E,Fashion Technology,2024,C,,C,,A+,C,B+,C
Joseph Ramos,kayleebrown@yahoo.com,2007-05-05,Male,1659543928,"31917 Amanda Course, West Donald, SD 37579",Muslim,BC,Non-Minority,Hosteller,Government,Domestic,B.E,Mechanical Engineering,2024,A,O,,A,B+,,A,
Jennifer Stewart,cgray@nelson-jones.com,2000-11-27,Female,0204280933,"166 Taylor Terrace, East Frankton, GA 80166",Hindu,ST,Non-Minority,Hosteller,7.5 Reservation,International,B.E,Electrical Engineering,2021,B,B+,,B+,B+,O,B+,O
Chelsea Thomas,alexander83@davidson.com,2001-04-24,Male,2894697117,"169 Andrew Curve Suite 625, Montoyabury, TN 79812",Sikh,ST,Non-Minority,Day Scholar,7.5 Reservation,International,B.E,Biotechnology,2021,,A,A,C,C,A,C,B
Laura Young,thomasmegan@benson-frye.com,2007-06-10,Male,9177968523,"5860 Thomas Path Suite 455, South Billy, RI 88486",Hindu,ST,Non-Minority,Hosteller,7.5 Reservation,Domestic,B.Tech,Information Technology,2021,C,B+,,A+,B+,,A,A
Brian Smith PhD,april06@cox-hart.com,2006-12-04,Female,2044864738,"059 Thomas Road, Lake Kevin, MO 72691",Christian,SC,Minority,Hosteller,7.5 Reservation,Domestic,B.E,AIML,2021,A+,A+,O,B,C,A+,A+,O
Victor Trujillo,bellkatie@gmail.com,2007-11-23,Female,4167017118,"PSC 7610, Box 3712, APO AP 60796",Muslim,SC,Non-Minority,Hosteller,7.5 Reservation,Domestic,B.E,Food Technology,2023,A,B+,C,B+,C,C,O,O
Jacob Richardson,agay@brown.com,2004-12-26,Male,5494171662,"50436 Cody Skyway Suite 322, Port Glenhaven, UT 47356",Sikh,MBC,Non-Minority,Day Scholar,Sports,International,B.E,Artificial Intelligence,2021,B+,A+,B,O,O,B,C,A
Dennis Rodriguez,johncruz@rodgers.com,2007-05-04,Male,2081112311,"900 Benjamin Track Apt. 403, East Austinfort, MT 97223",Muslim,MBC,Minority,Day Scholar,7.5 Reservation,Domestic,B.E,Artificial Intelligence,2021,O,,A,O,B,B,A,A
Lisa Bender,ramseybrittany@pearson-holmes.com,2000-12-11,Male,4525405651,"38756 Ronald Trail, Lake Timothyside, IN 33224",Jain,SC,Minority,Hosteller,7.5 Reservation,International,B.Tech,Artificial Intelligence,2024,C,O,,O,O,,B,B
Madison Newton,edwardsjustin@hotmail.com,1999-11-26,Male,1482920398,"USCGC Howard, FPO AA 29211",Christian,MBC,Non-Minority,Hosteller,Sports,International,B.Tech,Information Science and Engineering,2021,B+,A,,A,,B+,A+,A
Alexis Galvan,debrajones@yahoo.com,2000-02-23,Female,9991586563,"372 Mcdonald Park Apt. 566, Charlestown, MD 88233",Sikh,OBC,Minority,Day Scholar,Government,International,B.Tech,Electrical Engineering,2022,C,A+,B+,B+,C,A,,A+
Brandon Hernandez MD,luke65@hotmail.com,2004-01-04,Female,0166969051,"646 Mcfarland Valleys Suite 404, Andrewsview, MT 08503",Muslim,MBC,Non-Minority,Day Scholar,Management,International,B.Tech,Information Science and Engineering,2023,B+,C,B,A+,A+,A,A+,
Jessica Miller,tduncan@powell-james.com,2000-04-16,Female,4094706037,"56518 Hubbard Mission, Port Kimberlymouth, CT 53732",Hindu,MBC,Non-Minority,Hosteller,7.5 Reservation,International,B.Tech,AIML,2022,O,A,B+,A+,B,O,A,B+
Amber Hess,lfisher@shelton.net,2000-05-15,Female,2833809670,"280 Clark Meadows, Port Michaelchester, KY 29826",Jain,MBC,Minority,Hosteller,Management,International,B.E,Fashion Technology,2020,O,C,,,A,A,A,C
Susan Williams MD,smithdevin@gmail.com,2008-03-24,Male,1355606862,"22477 Navarro Crest Apt. 971, Morrisonhaven, HI 93055",Hindu,ST,Minority,Hosteller,7.5 Reservation,International,B.Tech,Artificial Intelligence,2021,A+,C,O,A,B,C,B,B+
Amanda Greer,scottmendoza@summers-romero.biz,2005-07-21,Male,6430470847,"37657 Hunter Ways Suite 725, Cervantesstad, VA 79026",Jain,BC,Non-Minority,Hosteller,Sports,Domestic,B.E,Electrical Engineering,2021,A+,B+,C,A+,A,A+,C,B
Karen Coleman,francisco86@miller.com,2006-10-31,Female,8362049290,"86469 Kevin Shoals Suite 354, Kennedyshire, CO 88348",Sikh,SC,Minority,Hosteller,Management,Domestic,B.Tech,AIML,2021,C,O,A,A,,B,C,B
James Shelton,brianwilliams@hotmail.com,2006-04-13,Male,0367796395,"1813 Allison Landing, Lake Brittany, WV 75908",Sikh,BC,Non-Minority,Day Scholar,Government,International,B.Tech,Information Science and Engineering,2021,O,B,,C,B+,B+,A+,C
Cheryl Walter,wanderson@gmail.com,2000-05-23,Male,5381110885,"387 Levi Greens, Williamsonville, MT 14393",Muslim,BC,Minority,Day Scholar,Sports,Domestic,B.Tech,Computer Science,2021,A,O,B,A+,A+,O,B+,A+
Steven Moses,cassandrareid@anderson.com,1999-05-23,Female,7531868607,"973 Leon Flats, Charlenetown, CA 17886",Christian,SC,Non-Minority,Day Scholar,Government,International,B.Tech,Artificial Intelligence,2023,B+,B,,C,A,O,B+,B
Joel Smith,gloria65@cook-scott.com,2006-02-26,Female,4082372567,"95928 Smith Summit Suite 950, Clineberg, NH 33077",Muslim,ST,Minority,Hosteller,Management,Domestic,B.E,Electrical Engineering,2024,A,,,B,B,C,O,A+
Seth Lopez MD,rebecca76@patterson.com,2005-06-27,Female,6965439312,"69241 Johnson Lane Apt. 593, South Lisatown, OR 98799",Hindu,SC,Non-Minority,Day Scholar,Management,Domestic,B.E,Fashion Technology,2024,C,,C,C,A,A+,C,B
Bryan Gutierrez,hernandezwilliam@yahoo.com,2002-06-23,Male,1691142111,"1317 Obrien Mountain Apt. 453, North Jordanfort, WY 69973",Hindu,ST,Minority,Day Scholar,Government,International,B.E,Information Science and Engineering,2020,B+,C,A+,,O,B,A,A+
Tammy Hayes,laura53@yahoo.com,2000-09-22,Male,8993159412,"456 Jesus Drive, South Alexander, NE 05736",Hindu,OBC,Non-Minority,Day Scholar,Management,International,B.Tech,Artificial Intelligence,2024,A+,A+,A,C,C,O,B,
Jimmy White,chall@yahoo.com,2006-06-30,Male,4886604158,"1968 Jesse Branch, North Conniechester, IN 27861",Muslim,SC,Minority,Day Scholar,Government,International,B.E,AIML,2020,,C,O,,,A+,B+,
Brandon Browning Jr.,osavage@collins-harris.com,2003-08-19,Male,5491804661,"171 Crystal Mountains Suite 326, Leborough, IN 41726",Sikh,ST,Non-Minority,Day Scholar,Management,Domestic,B.Tech,Food Technology,2022,B+,C,A+,,C,O,O,
Michael Petersen,riveraandrew@hart-russell.com,2007-11-29,Male,3817009358,"217 Saunders Row Apt. 941, Lake Sarahport, TN 39309",Jain,ST,Non-Minority,Hosteller,Sports,International,B.E,Fashion Technology,2021,A+,A+,O,A+,A,B+,O,
Nicole Brooks,umartin@hess-porter.biz,2007-11-07,Male,3547295116,"4987 Donna Club, South Annhaven, NM 92791",Sikh,BC,Non-Minority,Day Scholar,Sports,International,B.E,Computer Science,2022,A+,B,B,A,O,C,B+,B+
Sean Simmons,simpsonjacob@gmail.com,2006-08-04,Female,7686078574,"46968 Jose Flat Apt. 851, Millerfurt, CT 69251",Christian,BC,Minority,Hosteller,Government,International,B.Tech,AIML,2024,O,O,A,O,B+,B+,,C
Andrew Griffin,john45@yahoo.com,2006-05-19,Male,2347679599,"301 Nicholas View, West Jennifer, MD 57881",Sikh,SC,Non-Minority,Hosteller,Management,International,B.E,AIML,2022,O,A+,,O,,A,B,O
Thomas Moyer,morrisonadam@brooks-reyes.com,2005-05-31,Male,4214315432,"83440 Brett Glen, East Susan, OH 49719",Christian,MBC,Non-Minority,Day Scholar,Management,Domestic,B.E,Mechanical Engineering,2022,B+,O,C,A,O,A+,A,O
Tammy Hunter,cbriggs@doyle.net,1999-11-23,Male,3778051606,"60601 Cooper Court, Hayesborough, DE 12044",Muslim,BC,Non-Minority,Day Scholar,Sports,Domestic,B.E,Mechanical Engineering,2022,C,C,B+,O,,C,A+,B+
April Keller,zacharyrosario@barrett.com,2008-03-09,Female,5207092378,"0398 Sarah Forges, Angelabury, ND 38913",Hindu,ST,Non-Minority,Hosteller,Management,International,B.E,Electrical Engineering,2023,,B+,,O,B,C,B+,B+
Anne Joseph,xmunoz@yahoo.com,2007-02-08,Female,5038008732,"708 Virginia Tunnel, Gonzalezstad, MI 29294",Sikh,OBC,Non-Minority,Day Scholar,Government,International,B.Tech,Information Technology,2024,A+,A+,B+,O,B,A+,B+,B+
Kimberly Sullivan,miranda66@drake.com,2003-12-17,Female,7976219125,"PSC 1827, Box 1530, APO AA 60138",Hindu,ST,Minority,Day Scholar,Management,International,B.Tech,Food Technology,2021,B+,B,,B,B+,,O,B+
Ashley Smith,ryan51@yahoo.com,2006-06-30,Female,6901810874,"067 Michael Orchard, Tanyafort, AK 24946",Muslim,SC,Non-Minority,Hosteller,Sports,Domestic,B.E,Artificial Intelligence,2021,A+,A,C,B+,C,B,A+,O
Tammy Lloyd,lisa66@gmail.com,2001-04-02,Female,4591816588,"627 Kelly Motorway, Huntermouth, ID 35610",Christian,ST,Non-Minority,Hosteller,Sports,International,B.E,Biotechnology,2023,B,B+,,A+,A+,C,C,
Ann Woodard,james57@bailey.com,2000-04-02,Female,2216587341,"93678 Lisa Junctions, Lake Michaelberg, MS 29006",Muslim,ST,Minority,Day Scholar,Government,Domestic,B.Tech,AIML,2024,,B+,B,A,A,C,A+,O
Brittany Compton,rebeccarodriguez@hotmail.com,1999-09-13,Female,4814323992,"656 Lauren Lodge Apt. 671, Hunterfort, LA 52104",Jain,OBC,Non-Minority,Hosteller,Management,International,B.Tech,Fashion Technology,2021,O,B,B,A+,C,B+,,O
Jason Larsen,jennifer21@gmail.com,2007-08-31,Male,2051549288,"9008 Katie Vista Apt. 141, Murphyview, KY 95212",Sikh,BC,Non-Minority,Day Scholar,7.5 Reservation,International,B.E,Artificial Intelligence,2020,O,O,A+,,,A+,A+,C
Brittney Holder,rlivingston@reyes.com,2006-10-02,Male,8824123437,"1265 John Court Apt. 340, South Brandonmouth, WA 36738",Hindu,BC,Non-Minority,Hosteller,Government,Domestic,B.E,Information Technology,2024,A,B+,A+,B,C,O,C,B+
Robert Rivera,alexandra07@gmail.com,2000-10-31,Female,6621709084,"08035 Richardson Ports, Lake Darren, PA 99296",Christian,ST,Non-Minority,Hosteller,Management,Domestic,B.E,Food Technology,2023,B,C,B,A+,B+,O,C,A
Cory West,leslie70@hotmail.com,2004-01-23,Male,4974254877,"568 Rodriguez Mills, West Jessica, WY 51117",Jain,SC,Non-Minority,Hosteller,Sports,International,B.Tech,Food Technology,2023,B+,O,A+,B+,B,A,C,C
Bryan Perez,patriciaedwards@elliott-fields.com,2000-09-26,Male,4797656234,"91964 Long Crest Suite 060, East David, MO 81700",Hindu,OBC,Non-Minority,Day Scholar,7.5 Reservation,Domestic,B.E,Food Technology,2020,A,,A,C,A+,A+,O,B
Ronald Garcia,millernicholas@gmail.com,2006-08-25,Male,4547109138,"400 Crane Course, Nicholasview, WA 05472",Sikh,ST,Non-Minority,Day Scholar,7.5 Reservation,Domestic,B.E,Computer Science,2020,A,B+,A,,B,B+,O,A
Diamond Weeks,ricksanchez@gmail.com,2001-02-13,Female,5860077516,"467 Brian Grove Apt. 498, North Renee, NE 25536",Hindu,ST,Minority,Hosteller,Management,Domestic,B.Tech,Computer Science,2022,C,B,B,B,B+,A,,A+
Kevin Reid,edwardsaustin@hotmail.com,2000-07-31,Male,8632422982,"95877 Wilson Pine, Adamburgh, NV 81584",Jain,BC,Non-Minority,Hosteller,7.5 Reservation,International,B.E,Information Science and Engineering,2022,B,B+,A,B+,O,C,C,B
Andrew Dennis,catherinesalas@yahoo.com,2005-05-31,Female,2719099234,"1543 Shelton Garden Suite 629, Port Christopher, MS 77869",Hindu,SC,Minority,Day Scholar,Government,International,B.E,Electrical Engineering,2023,O,B,C,O,,,B,A+
Scott Smith,xbryant@hotmail.com,2004-05-05,Male,5150273098,"892 Ryan Port Suite 016, Lake Nathantown, MT 82726",Jain,OBC,Minority,Hosteller,Management,International,B.E,AIML,2022,B,B,O,,C,C,B+,
Maria Quinn,tapiakelly@morgan.com,2002-09-07,Female,1637052649,"09701 Hayes Loaf, Waltontown, WY 36234",Christian,OBC,Non-Minority,Day Scholar,Government,Domestic,B.E,Food Technology,2024,A+,O,C,B,B+,B+,A+,A
Brian Roberts,grossyvonne@gmail.com,2007-10-07,Female,8724087716,"729 Dennis Extensions, Paulshire, IN 55329",Sikh,SC,Minority,Hosteller,Sports,International,B.Tech,Artificial Intelligence,2020,B+,A,B+,O,B,C,,B+
Rebecca Mendoza,jamesyoung@robinson.com,2004-04-26,Female,6216988620,"99437 Rogers Lodge Suite 736, North Kimberlyberg, OH 12226",Sikh,OBC,Non-Minority,Day Scholar,Government,Domestic,B.E,Artificial Intelligence,2021,B,B,A,,B+,A,,A+
Craig Ramirez,jessica49@hotmail.com,2005-10-17,Female,5693897234,"82578 Ramsey Parkways, East Kelseyport, GA 48562",Hindu,MBC,Non-Minority,Day Scholar,Management,Domestic,B.Tech,Electrical Engineering,2024,A+,B,A,A+,,C,B+,A
Michael Atkins,laura84@hotmail.com,2004-10-06,Male,6048398221,"551 Hickman Park Suite 358, Zacharyfort, WY 98942",Sikh,BC,Minority,Hosteller,Management,International,B.Tech,Electrical Engineering,2024,B,A+,B+,O,O,B,C,O
Alexander Villegas,sstewart@yahoo.com,2006-11-19,Female,5908777160,"31399 Hunter River, Joneston, MA 68279",Sikh,ST,Minority,Day Scholar,Government,International,B.E,Artificial Intelligence,2020,O,C,A+,A,B+,A,,
Savannah Dominguez,esmith@contreras-williams.com,2001-06-19,Female,0567007802,"208 Jacqueline Streets, Scottside, AL 27859",Jain,SC,Minority,Hosteller,Government,Domestic,B.E,Biotechnology,2021,A,A,B,A+,C,O,B+,B
Martin Jones,waynedunn@day.com,1999-05-15,Male,1021239599,"995 Allison Summit, Port Robertmouth, SD 57697",Christian,BC,Minority,Hosteller,Sports,International,B.Tech,Information Technology,2023,B+,,,B,A,C,A,O
Erica Park,robert20@gmail.com,2001-05-11,Female,8978726978,"533 Katherine Crossroad Apt. 396, Ronaldburgh, KY 65350",Jain,OBC,Non-Minority,Hosteller,7.5 Reservation,Domestic,B.E,Information Science and Engineering,2023,A,A,O,B,C,B+,C,C
Laura Little,shart@hill.info,2004-02-19,Female,3724903476,"819 Lewis Tunnel, New Rebeccastad, OR 66633",Muslim,BC,Non-Minority,Hosteller,Government,Domestic,B.E,AIML,2022,O,,,B,C,A,A+,
Jordan House,ellendean@green.biz,1999-08-16,Male,5112421506,"7763 Nicole Plaza, Josetown, OK 90988",Muslim,MBC,Non-Minority,Hosteller,Sports,Domestic,B.E,Artificial Intelligence,2023,C,B,C,A+,O,C,B,C
Erin Garcia,peterwhite@juarez.com,2001-08-24,Male,8510767769,"03195 Ruiz Street, Simonburgh, NM 21241",Christian,BC,Minority,Day Scholar,Sports,International,B.E,AIML,2022,B+,A,B+,B+,,A,A+,A+
Stanley Kaiser,zsimon@hotmail.com,2000-10-05,Female,3631977052,"577 Kirk Dam Suite 742, Brenttown, NJ 29994",Sikh,BC,Non-Minority,Day Scholar,Sports,International,B.Tech,Electrical Engineering,2024,O,O,A,B,A+,C,,
Jennifer King,john58@parsons.com,2007-07-10,Female,3672012791,"15791 Colin Plaza Apt. 301, Lake Karenmouth, OK 95586",Jain,MBC,Non-Minority,Hosteller,7.5 Reservation,Domestic,B.E,Electrical Engineering,2022,B+,C,A,A+,C,A+,O,O
Anthony Mendoza,floresdavid@gmail.com,2003-05-23,Female,3410653653,"PSC 5470, Box 3584, APO AP 19898",Muslim,BC,Minority,Day Scholar,7.5 Reservation,International,B.E,Computer Science,2022,O,,A+,,B,B+,A,A+
Michelle Richard,zwhite@burns.com,2002-10-21,Male,6929150477,"09813 Reyes Overpass Suite 276, West Hollymouth, MA 92504",Sikh,OBC,Minority,Day Scholar,7.5 Reservation,International,B.Tech,Artificial Intelligence,2022,A,O,A+,A+,B,C,A+,O
Daniel Mcconnell,lisa49@gmail.com,2006-12-06,Female,9342618929,"165 Frederick Branch, Briannaland, VT 33860",Muslim,SC,Minority,Hosteller,Government,International,B.Tech,Biotechnology,2022,A,B+,B,O,A,A+,A+,O
Roberta Bowen,sanchezgabriel@lewis.com,2001-09-08,Female,5104149742,"0762 Nicole Wall Apt. 642, New Elizabethshire, OR 80051",Christian,SC,Non-Minority,Hosteller,7.5 Reservation,International,B.E,Information Science and Engineering,2020,A,B+,B+,A,B,B+,C,
Michael Hunter,kandrews@stewart-johnson.biz,2000-12-16,Female,4586143616,"506 Howard Mall Apt. 483, East Jenniferstad, AL 18168",Sikh,ST,Non-Minority,Hosteller,Sports,International,B.E,Information Technology,2022,,A+,O,O,B,A+,O,
Holly Rios,nicole01@gmail.com,2005-06-30,Female,8959324287,"20950 Linda Isle, Hugheschester, IL 52572",Hindu,ST,Non-Minority,Hosteller,Government,Domestic,B.Tech,Biotechnology,2023,O,A+,B,,O,,A+,B
Brandi Thompson,xtanner@hotmail.com,2006-02-07,Male,1727042253,"30145 Cynthia Knoll, Karenview, NV 76769",Jain,OBC,Non-Minority,Hosteller,Management,International,B.E,Information Science and Engineering,2024,O,O,A+,B,B+,O,O,A+
Joseph Rosales,richjustin@simmons-garcia.com,2003-07-31,Male,1496959656,"516 Christopher Manor Apt. 535, Sandraberg, WY 61755",Jain,ST,Non-Minority,Hosteller,Government,Domestic,B.E,Information Technology,2024,O,B+,O,C,C,,A,B
Aimee Jordan,tuckerjoshua@hotmail.com,2004-12-10,Male,2754389979,"6670 Nicole Island Apt. 742, North Johnstad, OR 49944",Jain,SC,Minority,Hosteller,Management,International,B.Tech,Information Science and Engineering,2022,B+,A,O,A,A,A+,C,B
Desiree Moreno,walkerjerry@bentley.info,2007-03-22,Male,0592755960,"633 Anna Harbors Apt. 200, Kaneshire, GA 09830",Hindu,SC,Minority,Day Scholar,Government,International,B.E,Information Science and Engineering,2020,B+,,C,O,B+,B+,A+,A
Jose Fuller,douglasholmes@deleon.com,1999-11-17,Female,0476883927,"937 Brown Square Apt. 462, North Cody, NV 83240",Christian,MBC,Minority,Day Scholar,7.5 Reservation,International,B.E,Electrical Engineering,2020,O,B,B,A+,B+,B,,O
Brian Montoya,sancheztravis@arnold.biz,2008-03-15,Female,8922825648,"729 Andrew Cliff Apt. 148, Morrisbury, VA 67393",Jain,OBC,Minority,Hosteller,Management,International,B.Tech,Information Science and Engineering,2022,A+,,,,O,,C,O
Megan Porter,hawkinsgail@may-brown.com,2007-08-31,Female,9851449888,"3484 Vazquez Meadow Suite 907, Troytown, KS 14779",Christian,SC,Minority,Hosteller,7.5 Reservation,Domestic,B.Tech,Biotechnology,2022,A+,O,A,O,C,B,B+,C
Andrew West,watkinsmichelle@gray.com,2007-05-21,Male,4619811206,"739 Kim Vista, Adamsberg, IL 10296",Hindu,BC,Non-Minority,Hosteller,7.5 Reservation,Domestic,B.E,Information Technology,2020,C,A+,A,A,A,C,,A+
Elizabeth Miller,morriseugene@yahoo.com,2000-02-05,Female,3168967418,"84275 Wilson Throughway Suite 208, Lake Ginaport, WA 41676",Hindu,MBC,Non-Minority,Day Scholar,7.5 Reservation,Domestic,B.E,Biotechnology,2020,A,A+,B,O,A,A,B+,A+
Mr. Michael Williamson,hbuckley@hunter.com,2004-07-10,Male,4123686532,"1584 Gary Bridge Suite 603, Jonathanview, MS 54466",Christian,OBC,Non-Minority,Day Scholar,Government,International,B.Tech,Fashion Technology,2023,O,A+,C,A,,,A+,O
Heidi Buchanan,gordonaaron@hotmail.com,2004-11-27,Male,3901313071,"38547 Jonathan Village, New Nicole, KY 43879",Christian,OBC,Minority,Hosteller,Management,International,B.Tech,Information Technology,2024,A,O,B+,,O,A+,,B
Alan Alvarez,gamblesarah@gmail.com,2001-03-28,Female,7988909844,"263 Laura Gateway Apt. 562, North Jenniferside, NJ 62964",Sikh,SC,Non-Minority,Hosteller,7.5 Reservation,International,B.Tech,Biotechnology,2024,O,C,C,,B,C,,O
Jerry Hayes,marcus69@hotmail.com,2005-09-15,Male,4391144871,"7494 Paul Island Suite 006, West Jordantown, MD 19103",Sikh,OBC,Non-Minority,Day Scholar,7.5 Reservation,International,B.E,Information Science and Engineering,2024,C,C,,B,A+,A+,,
Kelli Boyd,sarahfisher@hoffman.info,2005-11-09,Male,7020554334,"220 Lewis Mission, Haynesville, NE 36833",Sikh,BC,Minority,Hosteller,Government,Domestic,B.Tech,Electrical Engineering,2022,B,C,B,,O,O,O,
Marvin Hensley,martin78@pugh.com,2003-05-07,Male,7533097311,"1638 Victor Islands, South Brandonton, WA 00846",Jain,MBC,Minority,Hosteller,Government,Domestic,B.E,Biotechnology,2022,,A,O,B+,O,B+,A,B+
Lauren Davenport,rogersbrianna@hotmail.com,2003-02-14,Male,5126857633,"9265 Roy Manors Apt. 576, Lake Angela, NJ 57801",Muslim,BC,Non-Minority,Hosteller,Management,Domestic,B.E,Computer Science,2024,A+,C,A,A+,,B+,C,C
Pamela Thompson,alexander31@gmail.com,2005-07-04,Female,9183224246,"USCGC Valdez, FPO AA 44365",Muslim,SC,Minority,Hosteller,7.5 Reservation,Domestic,B.Tech,Information Science and Engineering,2023,O,B,B+,B+,,,A+,O
Andrew Miller,joneschristopher@hotmail.com,2007-10-09,Female,2662881036,"412 Smith Crossroad Suite 935, East Colinfurt, ID 67805",Hindu,SC,Minority,Day Scholar,Government,Domestic,B.Tech,Computer Science,2022,,B+,A,B,A,B,A+,B+
Lonnie Tucker,johnsonkimberly@hanson.net,2000-06-11,Male,5968274866,"07452 Gregory Loaf, Jenniferstad, MA 07364",Jain,ST,Non-Minority,Day Scholar,Management,Domestic,B.Tech,Biotechnology,2021,A,O,C,A+,A+,A,B+,B+
Danny Hanson,jameswatkins@yahoo.com,2001-03-23,Male,8420146888,"8582 Rocha Lake Apt. 610, Matafurt, RI 02725",Muslim,MBC,Non-Minority,Hosteller,7.5 Reservation,Domestic,B.Tech,Electrical Engineering,2022,C,B+,B+,A+,A,B+,A+,B+
Brooke Hunt,smallmia@gmail.com,2001-01-25,Female,7945262624,"753 Tyler Summit Suite 139, Amberborough, HI 36599",Jain,OBC,Minority,Hosteller,Sports,Domestic,B.E,Artificial Intelligence,2020,A+,A,B,A,B,B,B,
Valerie Johnson,paulawilliams@hernandez.info,2000-11-01,Female,5628031349,"764 Michelle Skyway, Johnsonstad, MT 02642",Sikh,MBC,Minority,Hosteller,7.5 Reservation,International,B.E,Food Technology,2021,B+,A+,B,A,O,A+,C,A+
Martin Allen,xhoffman@hotmail.com,1999-12-20,Female,3154961160,"85794 Catherine Expressway Suite 148, West Michaelville, AZ 17658",Hindu,OBC,Non-Minority,Day Scholar,Sports,International,B.E,Fashion Technology,2021,O,O,C,A+,,C,C,
Howard Bartlett,jonathankelley@hughes.info,2003-04-29,Female,0423137857,"00447 Eric Crossing, Brownland, NJ 25914",Muslim,SC,Minority,Hosteller,Management,International,B.E,Electrical Engineering,2020,O,O,A,B,,A,B+,B
Brandon Gill,samanthamiller@yahoo.com,2008-04-13,Male,8042188703,"585 Roberson Trace Apt. 007, East Michaelfort, AZ 12288",Hindu,ST,Minority,Hosteller,Sports,International,B.E,Information Science and Engineering,2023,A,B+,C,A,,O,B+,O
David Knight,ilowe@crawford.com,2005-09-07,Female,8401643143,"PSC 0280, Box 8086, APO AE 43574",Christian,BC,Minority,Day Scholar,Management,International,B.Tech,Fashion Technology,2020,A+,B+,A,B+,A+,A,B+,A+
Ashley Smith,taylortaylor@yahoo.com,2003-10-03,Female,4623266183,"6526 Rice Run Suite 954, East Cameronton, MD 13313",Hindu,ST,Non-Minority,Hosteller,Government,International,B.Tech,Mechanical Engineering,2023,B+,C,O,B,O,B+,B+,A+
Martin Carlson,danielbarrett@hotmail.com,2001-06-27,Male,5424683968,"USCGC Navarro, FPO AE 53437",Muslim,ST,Minority,Day Scholar,Sports,International,B.E,AIML,2023,O,,,C,,B+,O,B+
Melanie Fields,gnguyen@yahoo.com,2002-11-14,Female,9651507033,"54583 Richard Port Apt. 449, Port Kathleenton, NM 59375",Jain,OBC,Minority,Day Scholar,Government,Domestic,B.E,Fashion Technology,2021,C,B,,A,A,O,B+,
Aaron Davidson,gregory24@powell.com,2004-10-08,Male,0222030197,"9534 Duncan Drive, Vazquezport, WA 07650",Christian,BC,Non-Minority,Hosteller,7.5 Reservation,International,B.E,Electrical Engineering,2022,C,B+,A,A,O,A,O,
Brendan Hayes,margaretgonzalez@morris-scott.com,2005-06-20,Male,9951443459,"6186 Wayne Wells Suite 111, New Samuel, ME 97749",Muslim,SC,Minority,Hosteller,Government,International,B.E,Information Technology,2020,A+,A,C,C,C,B,,A+
Lori Phillips,jamiedaniels@gmail.com,2000-09-30,Male,0643881209,"4358 Stephanie Forest Apt. 729, Contrerasmouth, LA 43375",Muslim,ST,Non-Minority,Day Scholar,7.5 Reservation,Domestic,B.Tech,AIML,2021,B+,A+,,A,O,B+,C,
Brenda Thompson,william90@bean-harmon.org,2002-04-13,Female,7718708885,"3510 Tina Parkways, Lake Deborahfurt, DC 30060",Muslim,SC,Minority,Day Scholar,7.5 Reservation,International,B.Tech,Electrical Engineering,2024,B,B+,C,C,,C,B+,A
Eric Knight,susan40@murillo.com,2003-01-31,Female,8781783175,"52209 Shaffer Drives Apt. 058, Jamesborough, NE 47031",Jain,SC,Non-Minority,Day Scholar,Management,Domestic,B.Tech,Mechanical Engineering,2021,A,A,O,,A,B+,C,B
Dr. Brad Frank,santossandra@davis.net,2003-09-24,Male,9750466765,"76881 Trevor Neck Apt. 893, Michaelbury, TN 80365",Hindu,BC,Minority,Hosteller,7.5 Reservation,International,B.Tech,Mechanical Engineering,2020,B+,B,A+,A+,A+,C,,B
Kathleen Flores,josephharris@gmail.com,2004-10-21,Male,8968823209,"4182 Nancy Stream, Lake Lisahaven, MT 63020",Sikh,ST,Non-Minority,Day Scholar,7.5 Reservation,Domestic,B.E,Information Technology,2023,O,O,A+,O,A,B+,B+,A
Scott Taylor,jramirez@potter.org,2000-01-04,Male,5562004794,"4046 Cynthia Meadow Apt. 448, Codyton, NM 64987",Christian,ST,Non-Minority,Hosteller,Management,International,B.Tech,Electrical Engineering,2024,A,,O,O,A,A,,O
Desiree Glenn,alawson@yahoo.com,2000-05-20,Male,0389151053,"76768 Tiffany Harbors, Johnsonshire, IN 22013",Hindu,BC,Non-Minority,Day Scholar,7.5 Reservation,International,B.Tech,Information Technology,2021,B+,B,C,O,O,A,A+,
Kevin Williams,marywalker@gmail.com,2001-12-09,Female,3477432263,"09628 Melissa Parkways Suite 090, Lake Jocelyn, AL 24976",Jain,MBC,Non-Minority,Day Scholar,Sports,Domestic,B.Tech,Fashion Technology,2020,A+,,A,A+,B+,A+,,C
Carolyn Roberts,joshualewis@alvarez-page.biz,2005-05-20,Male,3300943687,"719 Christopher Harbors Suite 471, Moyerchester, TN 14974",Hindu,BC,Non-Minority,Hosteller,Management,Domestic,B.Tech,Electrical Engineering,2023,C,,A+,O,A,O,B,O
Ms. Gwendolyn Andersen,summersrobert@garner.com,2006-07-12,Male,2910587960,"904 Charles Radial, West George, FL 39813",Sikh,BC,Non-Minority,Day Scholar,7.5 Reservation,Domestic,B.E,Mechanical Engineering,2023,B,C,O,O,A,C,A,B
Timothy Parker,hardingjennifer@contreras.com,2004-12-01,Male,6495653914,"518 Susan Stream Apt. 275, Johnstonchester, SC 09985",Jain,MBC,Non-Minority,Day Scholar,Sports,Domestic,B.Tech,Computer Science,2022,O,A+,C,C,B,C,,B
Lori Lyons,juliestone@butler.biz,2001-03-11,Female,5407480775,"7383 Drew Squares Suite 125, Annchester, WV 71592",Sikh,MBC,Non-Minority,Day Scholar,Government,Domestic,B.Tech,Information Science and Engineering,2022,B+,A+,A+,O,,O,C,O
Angela Lambert,bellpatricia@scott.com,2003-09-09,Male,5582538646,"52128 Matthew Neck Apt. 349, New Sarahville, RI 43224",Jain,ST,Non-Minority,Day Scholar,Management,International,B.E,Electrical Engineering,2022,B+,A+,A,A+,B+,B+,B,O
Deborah Soto,mark17@hotmail.com,2001-09-13,Male,7551929933,"USS Nelson, FPO AA 69897",Muslim,OBC,Minority,Day Scholar,Government,Domestic,B.Tech,Information Technology,2021,A,A,B,A,C,A,B,A+
Eric Hull,smithbryan@ellis.net,2006-03-21,Female,3298053280,"48606 Sims Walk Suite 081, North Charlesstad, NE 85323",Christian,OBC,Non-Minority,Hosteller,Sports,Domestic,B.Tech,Electrical Engineering,2023,B+,O,,B+,B+,C,,C
Michael Cooper,natasha63@gmail.com,2006-10-27,Female,2294915156,"9875 Colin Forge Apt. 696, Collinsshire, NH 83133",Sikh,ST,Minority,Hosteller,Sports,Domestic,B.Tech,Artificial Intelligence,2021,B+,,A+,B,C,C,A+,C
Linda Lozano,mollystewart@silva-stevens.com,2001-01-20,Female,4263235581,"301 April Junctions Suite 610, East Cynthiamouth, CT 21681",Sikh,BC,Non-Minority,Hosteller,7.5 Reservation,International,B.Tech,Mechanical Engineering,2020,O,A+,A+,B,C,B+,A,B+
James Mcdaniel,jasonschwartz@yahoo.com,2003-09-29,Female,8587049463,"14645 Brenda Village Suite 975, Monicaland, PA 97418",Christian,OBC,Minority,Hosteller,Government,International,B.Tech,AIML,2022,B+,B+,,C,A+,B+,A+,A+
Brandy Aguilar,hwest@yahoo.com,2002-09-27,Female,9790009792,"77778 Daniel Camp Apt. 455, Lake Anthonychester, GA 32489",Jain,BC,Non-Minority,Day Scholar,Management,Domestic,B.Tech,Electrical Engineering,2023,A+,O,A+,O,,O,B+,O
Eric James,qabbott@sanders.com,2000-10-26,Male,0085614461,"5372 Conley Oval, Contrerasport, DE 80675",Sikh,SC,Non-Minority,Hosteller,Government,Domestic,B.E,Food Technology,2023,O,,C,A,B+,C,C,A+
Alyssa Cochran,heathermendoza@gmail.com,2003-09-01,Female,6129035309,"53183 Shannon Underpass, Port Harryborough, DC 14359",Christian,ST,Minority,Day Scholar,Sports,International,B.Tech,Food Technology,2020,B+,B,A+,A+,B+,O,A+,
Shelly Newman,courtneyaguirre@carpenter.com,2001-07-24,Female,6108683477,"39001 Joseph Harbor Apt. 134, Bryantchester, OK 87010",Hindu,BC,Minority,Day Scholar,Sports,Domestic,B.Tech,Biotechnology,2023,,A+,B+,,,C,A,A
Francisco Pope,crobertson@west.com,2006-10-09,Male,6029967362,"75848 Page Path, Seanview, NV 36792",Sikh,ST,Minority,Day Scholar,Management,International,B.Tech,Information Science and Engineering,2022,A+,,B+,B+,,O,B,A+
Jade Fisher,carolsilva@yahoo.com,2004-12-12,Male,6550351716,"63414 Teresa Stravenue, East Roberttown, OR 22624",Christian,MBC,Non-Minority,Hosteller,7.5 Reservation,Domestic,B.Tech,Fashion Technology,2021,B,A+,A,A+,B+,B,,
David Stafford,john87@yahoo.com,2001-12-29,Male,9641981265,"8753 Proctor Harbors Suite 899, Rodriguezstad, ID 33130",Sikh,SC,Non-Minority,Day Scholar,Management,International,B.Tech,Information Science and Engineering,2023,C,A,O,A+,A+,C,,C
Megan Frazier,desireelin@gmail.com,1999-09-29,Male,6096122935,"528 Lester Mountain, Weeksfort, RI 96227",Sikh,OBC,Minority,Hosteller,7.5 Reservation,Domestic,B.Tech,Information Science and Engineering,2024,C,C,,C,B+,A+,A,O
Dr. Carl Delgado,betty72@gilmore.com,2003-04-22,Male,0316459310,"86436 Megan Groves Suite 888, Lake Isaac, WA 31072",Christian,OBC,Minority,Hosteller,Sports,Domestic,B.E,Electrical Engineering,2022,A,,,B,O,A+,A,C
Scott Hernandez,vasquezdanielle@gmail.com,2004-02-18,Female,5673916416,"514 Carter Freeway Suite 293, Margaretfort, ME 13817",Muslim,MBC,Minority,Hosteller,7.5 Reservation,Domestic,B.Tech,Information Science and Engineering,2021,B,A,B+,B,,C,B+,B
Jacob Mcdonald,daniel28@hotmail.com,2000-02-21,Male,5939786487,"2578 Timothy Creek, Loweland, TX 88715",Jain,OBC,Non-Minority,Hosteller,7.5 Reservation,International,B.E,Fashion Technology,2024,O,,B+,C,A+,C,B,
Dominic White,meghanharris@gmail.com,2000-11-12,Female,6636139486,"71080 Thomas Light Apt. 223, Diazchester, RI 64481",Jain,SC,Minority,Hosteller,Government,Domestic,B.Tech,Information Technology,2022,A,,B,O,B,A,B+,B+
Courtney Cohen,calebcox@yahoo.com,2007-01-13,Male,1087887587,"53111 Eileen Pike Suite 431, Mooreview, WA 98832",Hindu,BC,Non-Minority,Day Scholar,Government,Domestic,B.E,Computer Science,2024,O,O,A+,A,,O,C,
Erin Jones,steven17@gaines.info,2007-07-18,Female,5239155188,"115 Spencer Station Suite 551, East Stephaniechester, IA 96330",Jain,BC,Non-Minority,Hosteller,Government,Domestic,B.Tech,Information Technology,2020,O,B,O,A,A+,B,O,A
Edward Edwards,zachary15@gmail.com,2000-07-27,Female,9618760775,"1667 Torres Shores Suite 497, West Douglas, AK 80092",Jain,OBC,Non-Minority,Day Scholar,Sports,Domestic,B.Tech,Artificial Intelligence,2023,A,B,A,O,O,B,,O
Patricia Zamora,william76@rice-stokes.com,2003-01-14,Female,5886281726,"5962 Eric Tunnel Suite 036, North Kenneth, MD 50336",Jain,MBC,Non-Minority,Hosteller,Government,Domestic,B.E,Artificial Intelligence,2020,,A+,A,C,,B+,B,B+
Yolanda Willis,catherinedominguez@gmail.com,2001-04-02,Male,2237041837,"5832 Franklin Walk Apt. 088, Kristinchester, GA 85904",Muslim,SC,Non-Minority,Hosteller,7.5 Reservation,International,B.E,Information Science and Engineering,2021,O,C,C,A+,A+,B,A,A+
Jeremy Edwards,qwatts@yahoo.com,1999-09-15,Male,2788640329,"20485 Theodore Bridge Apt. 165, Brookstown, ND 47285",Sikh,SC,Minority,Hosteller,Sports,Domestic,B.Tech,Mechanical Engineering,2022,A,,A,B,O,A,O,A+
Samuel Moore,farmerarthur@medina-perez.com,2006-04-24,Female,5566616416,"4555 Julia Club Apt. 116, Port Kathy, PA 10515",Muslim,BC,Non-Minority,Day Scholar,7.5 Reservation,Domestic,B.Tech,Electrical Engineering,2022,B,O,O,A,C,B,B,B+
Tiffany Oliver,amandamoore@gmail.com,1999-07-11,Male,5944855795,"2079 Patricia Well Apt. 323, South Noah, NV 34875",Sikh,MBC,Non-Minority,Day Scholar,Government,International,B.Tech,Information Technology,2023,B,O,,B+,C,A,B,B
Heather Perez,smithkevin@mcdonald.com,2000-10-25,Female,0274373012,"48203 Oconnor Ville Suite 169, Gardnerland, SC 89424",Sikh,MBC,Non-Minority,Day Scholar,Sports,Domestic,B.E,Mechanical Engineering,2021,A,O,O,B,B,A,B,O
Jacob Ballard,lauriemartinez@gmail.com,2003-10-06,Female,6379810836,"01495 Nelson Extensions Suite 400, Nicolebury, VA 34574",Sikh,ST,Minority,Day Scholar,7.5 Reservation,International,B.Tech,Information Technology,2023,B,C,O,B+,B,A,O,B+
Teresa Miller,kelseywalker@hotmail.com,1999-10-07,Female,2378328719,"972 Smith Falls, Karentown, OK 20337",Christian,MBC,Minority,Hosteller,Government,Domestic,B.Tech,Food Technology,2021,A,O,O,O,B,B+,B,C
Charles Garcia,brandi52@yahoo.com,2004-07-19,Female,7376866044,"98791 Rodriguez Circle, North Amandatown, SC 46676",Hindu,SC,Non-Minority,Hosteller,Government,International,B.Tech,Information Technology,2021,O,,A+,A+,B,B+,,
Dawn Bell,sandradixon@terrell.net,2006-08-03,Male,4985765505,"138 Kayla Bridge, Lake Alexander, HI 91065",Christian,ST,Minority,Hosteller,Government,Domestic,B.Tech,Biotechnology,2023,B+,,A+,A+,C,B,A+,A+
David Chapman,michaelbutler@ross.com,2000-04-30,Male,4276398611,"319 Williams Neck, New Eduardo, ID 32827",Sikh,MBC,Non-Minority,Hosteller,Sports,International,B.Tech,Artificial Intelligence,2023,B,,A,O,B,,A,
Christina Martinez,jacksonashley@hotmail.com,2003-10-06,Female,5301735036,"USS Lopez, FPO AP 63252",Christian,OBC,Non-Minority,Day Scholar,Management,Domestic,B.E,Fashion Technology,2021,O,A+,B+,A,,C,A+,B
Samantha Henry,qkim@gmail.com,2002-08-16,Male,9191878174,"Unit 2329 Box 6147, DPO AE 65310",Sikh,ST,Minority,Hosteller,Sports,International,B.E,Artificial Intelligence,2023,A+,B,,A+,A,O,C,B+
Melissa Thomas,richardwright@moore.info,2001-12-03,Male,2512581256,"13341 Terry Parkway Apt. 236, Port Charlesport, AL 52302",Hindu,SC,Non-Minority,Hosteller,Government,Domestic,B.E,Fashion Technology,2024,A,C,O,,,B+,C,A+
Shaun Williams,gravescarolyn@yahoo.com,1999-10-06,Male,0158974445,"Unit 8801 Box 0338, DPO AA 41909",Sikh,OBC,Minority,Hosteller,7.5 Reservation,Domestic,B.Tech,Electrical Engineering,2021,A,C,O,C,B,C,B,C
Stephanie Reese,herreramike@gmail.com,1999-08-15,Female,1531208739,"0512 Kaylee Plaza Apt. 366, Tonyview, IL 03420",Jain,ST,Non-Minority,Hosteller,Government,Domestic,B.Tech,Food Technology,2023,C,B+,A+,C,A+,B+,B+,B+
Victoria Jones,gainesrichard@morris-lee.com,2000-05-17,Female,1632310247,"5092 Tammy Street Suite 122, North Ericstad, MT 36292",Sikh,MBC,Non-Minority,Hosteller,Management,Domestic,B.E,AIML,2024,C,B,A,A,A,B,C,B+
Lori Marshall,millermolly@thomas.org,2007-04-11,Male,3121575019,"92543 Hicks Wells, Kimberlyport, TX 75207",Jain,BC,Non-Minority,Day Scholar,Management,International,B.E,Computer Science,2023,B,A+,A+,C,,C,,C
Isaiah Anderson,kaylakaufman@beck.net,2006-12-03,Female,8097285697,"132 Tara Oval, Paynemouth, OH 35914",Hindu,SC,Non-Minority,Hosteller,Management,Domestic,B.Tech,Fashion Technology,2023,B+,,A,A+,B,B+,,B
Stephanie Oliver,brycerobinson@brown.net,2003-08-08,Male,4973432269,"093 Baxter Path, New Ashley, FL 73692",Christian,BC,Minority,Day Scholar,Management,Domestic,B.Tech,Food Technology,2024,B,A,B,A,C,,B,O
Rebecca Willis,marymelton@yahoo.com,2003-08-30,Male,1813463661,"75174 Reed Throughway, Danaville, WA 02596",Jain,SC,Non-Minority,Day Scholar,Sports,International,B.Tech,Mechanical Engineering,2021,O,A+,C,B+,A,A,A,B
Mr. Jacob Moreno,ethanhall@gmail.com,2004-07-11,Female,7107515177,"36714 Hart Bridge, Chambersstad, PA 81214",Hindu,MBC,Minority,Hosteller,Government,International,B.E,Mechanical Engineering,2021,A+,,C,O,O,C,A+,C
Amber Nguyen,davidorozco@yahoo.com,2003-10-16,Male,8634491536,"8641 Kelly Garden, Tracyshire, LA 19986",Hindu,MBC,Minority,Hosteller,Management,Domestic,B.Tech,Information Technology,2021,A+,B,,,B,B+,B,A+
Larry Lynn,kevinsanchez@howe-chang.com,2000-05-19,Female,8915679288,"13463 Tara Rapid, Lake Kellyton, GA 70229",Jain,ST,Non-Minority,Day Scholar,Management,International,B.Tech,Computer Science,2024,,B+,O,A,O,B,,A+
Stephanie Williams,nelsonkaren@benitez-mills.com,2004-06-14,Female,6315203326,"8122 Leslie Road, Millerton, SC 19479",Jain,MBC,Minority,Hosteller,7.5 Reservation,International,B.E,Fashion Technology,2023,O,C,C,A+,O,A,O,B
Kaitlyn Rosario,daniel20@lawrence.com,1999-10-24,Female,9478132754,"660 Smith Unions, Lake Joshuachester, CA 61831",Christian,OBC,Minority,Day Scholar,Sports,Domestic,B.Tech,Mechanical Engineering,2023,B,C,A,,O,B,B,C
Madison Little,bryan57@yahoo.com,2006-03-07,Male,6574577865,"338 Cody Flat Apt. 410, Anthonychester, TX 72843",Muslim,SC,Minority,Day Scholar,Sports,International,B.Tech,Computer Science,2023,A+,C,A+,,O,C,C,A
Jaclyn Arroyo,wmelton@gmail.com,2001-11-11,Male,6723609084,"373 Troy Mews, Port Shawnstad, VA 68216",Hindu,ST,Non-Minority,Day Scholar,Government,Domestic,B.Tech,Fashion Technology,2021,A,,A+,A+,A+,A,A+,A
Lauren Stewart,oparker@lambert.biz,2002-04-16,Male,0807613603,"3851 Amy Forges Suite 328, East Jeremiah, WY 14683",Sikh,SC,Minority,Day Scholar,Management,Domestic,B.Tech,Information Science and Engineering,2022,O,B+,A+,,A,A+,,B+
Charles Brady,maryjohnson@tucker.com,2001-12-05,Male,6119167626,"7199 Sullivan Neck Apt. 518, Mayland, VT 09481",Hindu,OBC,Minority,Hosteller,Sports,Domestic,B.E,Electrical Engineering,2023,O,,B+,B,,,B+,
Nicholas Braun,scottchristopher@yahoo.com,2006-10-30,Male,1265723342,"3516 Perez Greens, New Teresa, OH 97783",Christian,ST,Minority,Day Scholar,Sports,Domestic,B.Tech,Artificial Intelligence,2023,C,A,C,,,C,C,A+
Mr. Steven Thomas,tyrone18@walker.com,1999-08-23,Female,5442520247,"PSC 7793, Box 9967, APO AP 68159",Jain,MBC,Minority,Day Scholar,Sports,Domestic,B.Tech,Artificial Intelligence,2023,O,B,A,B,O,C,O,B+
Nicholas Hernandez,petersonangela@yahoo.com,2006-12-03,Male,7815323447,"PSC 4389, Box 9108, APO AE 10122",Christian,BC,Non-Minority,Day Scholar,Sports,Domestic,B.Tech,AIML,2023,O,,B+,A,,A,A+,
Jesus Ruiz,jill07@hotmail.com,1999-12-07,Female,8673507424,"411 Hodge Locks Apt. 815, Chadmouth, MO 91066",Jain,OBC,Non-Minority,Hosteller,Sports,Domestic,B.Tech,Information Technology,2024,,,A,B+,O,B,A,C
Mr. Joseph Campbell DDS,kathleenvillanueva@hotmail.com,1999-11-03,Male,1905073935,"559 Hardy Plaza, Rodriguezville, IN 84988",Jain,BC,Non-Minority,Hosteller,Government,International,B.E,Mechanical Engineering,2020,B+,B+,B+,A+,B+,B,B+,B
Miss Melissa Castro,carly43@yahoo.com,2005-02-14,Female,9967883973,"1960 Lucas Crossing Suite 548, Tranbury, IL 84252",Christian,SC,Minority,Hosteller,Management,International,B.E,Fashion Technology,2023,,,C,A,O,O,C,C
Jonathan Carter,steven34@white.info,1999-09-29,Male,0643277738,"292 Walter Common Suite 031, New Zachary, CO 76915",Sikh,SC,Non-Minority,Day Scholar,Sports,International,B.Tech,Fashion Technology,2020,B,,B+,C,C,A,A,
Todd Martinez,estradaabigail@yahoo.com,2008-03-13,Male,9203264005,"2709 Nathan Village Apt. 422, Robinsonborough, TX 02430",Christian,SC,Minority,Hosteller,Sports,International,B.E,Artificial Intelligence,2021,,C,O,B+,C,A,O,O
Rebecca Lee,downsamanda@hotmail.com,2004-08-12,Female,8794675492,"37386 Brandon Rapids Apt. 577, Kimberlyfurt, UT 55330",Jain,ST,Minority,Day Scholar,Sports,Domestic,B.Tech,AIML,2022,A+,B+,A,A,B,,B+,B+
Bianca Jensen,xperez@yahoo.com,2001-08-11,Female,3996074506,"16473 Weaver Burgs Apt. 495, Sarahberg, MS 28028",Sikh,BC,Minority,Hosteller,Government,Domestic,B.E,Computer Science,2024,A+,B,,O,C,C,C,
John Callahan,mary04@palmer.net,2003-10-27,Female,6590564918,"0887 Nguyen Coves Suite 116, North Lindseytown, CT 19138",Hindu,OBC,Minority,Day Scholar,Management,International,B.Tech,Food Technology,2020,A+,,A+,C,A+,B,A,O
Christina Kline,aali@yahoo.com,2004-11-11,Female,8227044568,"121 Joshua Expressway, Crystalmouth, HI 69843",Jain,SC,Non-Minority,Day Scholar,7.5 Reservation,International,B.Tech,Computer Science,2024,A,B,,C,O,O,O,B+
Lisa Hubbard,erica88@hotmail.com,2001-03-30,Male,2776172393,"188 Baldwin Street, Stephensville, MT 76177",Sikh,OBC,Non-Minority,Hosteller,7.5 Reservation,International,B.Tech,Fashion Technology,2021,B,C,A+,A+,A,C,B+,
William Nelson,davidgonzalez@jordan.com,2002-06-18,Female,2373429613,"79627 Kathleen Run, Danaberg, HI 01180",Jain,SC,Non-Minority,Day Scholar,Government,Domestic,B.E,Information Technology,2024,,,,,C,B,O,B+
Steven Curtis,gregory13@burton.info,2004-08-04,Male,8051770216,"56761 Amy Forks, North John, IL 79940",Muslim,OBC,Minority,Hosteller,7.5 Reservation,Domestic,B.Tech,Electrical Engineering,2024,C,B,A,C,A+,A,A+,
Nicole Bailey PhD,dylanfowler@gmail.com,1999-09-13,Male,8962415000,"209 Rowland Courts Apt. 131, Mikaylahaven, ID 87408",Christian,MBC,Minority,Day Scholar,Sports,International,B.E,Fashion Technology,2020,A,B+,C,A,A+,B,B,C
Elizabeth Smith,barbararobinson@torres-bailey.com,2004-12-01,Female,7026821872,"52990 Cassandra Orchard Suite 173, Saundersbury, AR 39392",Hindu,OBC,Non-Minority,Hosteller,Government,International,B.Tech,Information Science and Engineering,2020,A+,B,B,O,A+,B+,C,A+
Natasha Martin,cmcdaniel@yahoo.com,1999-06-15,Male,1567855090,"364 Deborah Creek, West Charlesport, GA 69607",Jain,SC,Minority,Day Scholar,Government,International,B.E,Electrical Engineering,2020,B,,B,B+,A+,O,,B
Ronald Hughes,sean88@murphy-davis.com,2001-11-22,Female,9453962707,"40458 Foster Trace, Fostertown, ID 91608",Christian,ST,Non-Minority,Day Scholar,Sports,International,B.E,Food Technology,2024,A+,,B+,B+,O,O,O,
Stephanie Tran,lekevin@camacho.net,2007-04-13,Male,4553854899,"322 Tamara Spring, New Angelica, IA 15462",Christian,SC,Non-Minority,Day Scholar,Government,Domestic,B.Tech,Mechanical Engineering,2023,C,O,A+,,A+,B+,B+,O
Brenda Mann,wbeltran@washington-reyes.com,2005-02-05,Male,5552385815,"019 Gibson Lodge Suite 245, Guerrerofort, IN 91693",Jain,ST,Minority,Day Scholar,Sports,International,B.E,Electrical Engineering,2021,B+,A,O,B,,B,O,A
Thomas Hart,vickie89@mccarthy-knox.com,2004-09-17,Male,5205248715,"0518 Ethan Island, Lake James, AR 05873",Christian,OBC,Minority,Hosteller,Government,Domestic,B.E,Electrical Engineering,2024,C,O,,C,A,O,C,C
Scott Johnston,robin96@hotmail.com,2005-06-14,Female,9376107731,"4748 Brandon Via, Lake Matthewview, LA 12661",Hindu,MBC,Non-Minority,Hosteller,7.5 Reservation,International,B.E,AIML,2022,A+,A,C,,B+,B+,B+,A+
Alexis Smith,timothy60@yahoo.com,2008-03-20,Male,5111952875,"PSC 9991, Box 8822, APO AP 51467",Jain,SC,Non-Minority,Day Scholar,7.5 Reservation,Domestic,B.Tech,Mechanical Engineering,2022,C,O,B,A+,B,A+,B,
Cynthia Jefferson,campbellmelinda@blanchard.com,2007-09-19,Female,5341584181,"7418 Kevin Branch Apt. 969, Dennisfort, MS 19532",Hindu,ST,Minority,Hosteller,7.5 Reservation,Domestic,B.Tech,Mechanical Engineering,2021,C,O,A+,C,A+,A,O,
Phyllis Kennedy,ihanson@gmail.com,2007-08-10,Female,2372357248,"473 Donald Ways, East Shelby, NV 99155",Muslim,ST,Non-Minority,Hosteller,7.5 Reservation,International,B.E,Computer Science,2020,A,B+,B,O,A,B+,O,B+
Kevin Davenport,patrick47@gmail.com,2006-09-06,Female,8528428950,"02402 Hudson Station, Grossburgh, VT 17068",Hindu,BC,Non-Minority,Day Scholar,Government,Domestic,B.Tech,Fashion Technology,2024,B,A+,O,B+,A+,,,
Travis Bush,christina43@hotmail.com,2002-10-05,Male,3446594354,"Unit 5430 Box 1307, DPO AE 09028",Sikh,ST,Minority,Hosteller,Sports,Domestic,B.Tech,Electrical Engineering,2024,B+,O,A+,C,,A+,A+,
Matthew Maldonado,david77@rowe-davis.com,2002-03-11,Female,3567513173,"05262 Sarah Brooks, North Michael, OH 92432",Hindu,OBC,Minority,Day Scholar,7.5 Reservation,Domestic,B.Tech,Information Technology,2020,A,B,C,C,,C,A,A+
Alyssa Gomez,zmurphy@hotmail.com,2005-03-18,Male,2908795023,"USNS Roberts, FPO AP 97233",Jain,ST,Non-Minority,Day Scholar,Management,International,B.E,Artificial Intelligence,2020,C,B,C,A,A+,A,B,A
Samantha Scott,lisa26@stein.biz,2004-12-09,Female,4457498339,"Unit 6107 Box 7462, DPO AA 47637",Jain,ST,Non-Minority,Day Scholar,Government,International,B.Tech,Information Technology,2022,C,A,O,A,A+,A+,A+,B
Douglas Mullins,lutzdesiree@kaiser.com,2000-10-02,Female,2752560068,"0915 Williams Glens Suite 862, North Annette, TN 04316",Jain,OBC,Minority,Hosteller,7.5 Reservation,International,B.E,Fashion Technology,2024,B,A+,A+,B+,A+,C,B,C
Patricia Jackson,derrickmoran@hammond.net,2007-06-13,Female,7980080066,"2776 Pope Centers Apt. 529, Oscarborough, TX 07807",Jain,ST,Non-Minority,Day Scholar,Sports,International,B.Tech,Information Science and Engineering,2023,B,,A,,B,A+,A+,A+
Jesse Morrison,amanda83@yahoo.com,2006-01-22,Female,6094933523,"3726 Alvarez Roads, Lake Lisahaven, TX 33599",Jain,OBC,Non-Minority,Day Scholar,Management,International,B.E,AIML,2020,A,C,C,A+,O,B+,B+,B+
Daniel Love,amandaedwards@brown.com,2006-07-04,Female,1779307538,"030 John Throughway Suite 573, Garyshire, NY 41152",Hindu,MBC,Non-Minority,Day Scholar,Management,Domestic,B.E,Biotechnology,2021,O,O,,B+,B,A+,B,B+
Lisa Mccarthy,madisonstrong@hotmail.com,2001-03-02,Female,7424108492,"3013 Kayla Oval Apt. 614, Copelandton, MI 64749",Christian,OBC,Minority,Day Scholar,Sports,International,B.Tech,Biotechnology,2020,C,,B,A,O,O,O,C
Caitlyn Bradford,jennifermoreno@gmail.com,2005-04-11,Female,6885913461,"8876 Steven Causeway Apt. 811, Hopkinsfurt, RI 74363",Sikh,BC,Minority,Day Scholar,Sports,Domestic,B.E,Biotechnology,2021,A+,A,,A,A,A+,,A
Mary Stout,jjohnson@clark-werner.com,2005-10-26,Female,0603520317,"3838 Monica Mews Apt. 297, Robertview, PA 77217",Jain,SC,Non-Minority,Day Scholar,Management,International,B.E,Computer Science,2023,C,C,C,C,A,A+,A+,A+
Daniel Davidson,frazierjoshua@hotmail.com,2007-01-28,Female,5356528391,"33293 Christopher Crest, Kevintown, IN 90443",Christian,ST,Non-Minority,Hosteller,Government,Domestic,B.Tech,Artificial Intelligence,2023,B+,A,B+,O,O,B,B,A+
Amy Martin,kristopher51@ryan-mejia.net,2004-12-30,Female,1512599128,"6287 Maureen Neck, Shannonton, FL 70511",Muslim,BC,Minority,Hosteller,7.5 Reservation,Domestic,B.Tech,Information Technology,2022,O,,A+,A,,,A+,O
Laura Pitts,trevinotanner@smith-pearson.biz,2001-09-02,Female,4414990397,"02263 Miller Route Suite 009, Port Sarah, NE 04271",Muslim,OBC,Minority,Hosteller,Management,Domestic,B.E,Information Science and Engineering,2024,C,B+,B,O,O,B,C,B
Michael Hernandez,mark30@smith-hood.com,2002-07-04,Male,6212369177,"Unit 5568 Box 3173, DPO AE 02537",Jain,OBC,Minority,Hosteller,Government,International,B.E,Artificial Intelligence,2024,C,O,C,B+,A,O,B+,O
Sean Lawrence,brocknicholas@yahoo.com,2007-11-25,Male,2240900005,"88353 Katrina Tunnel Apt. 092, Olsonfurt, ND 41212",Jain,MBC,Non-Minority,Hosteller,7.5 Reservation,International,B.Tech,Information Technology,2022,O,B+,A+,A+,B+,,A,B
Jennifer Golden,lacey09@evans.com,2004-10-23,Male,4303209881,"61013 Steven Way, West Rachelborough, NY 38500",Sikh,ST,Non-Minority,Day Scholar,Management,International,B.E,Biotechnology,2022,,A,A,C,B,A+,A+,B
Lindsay Smith,victor76@garcia.biz,2008-01-25,Male,8532936992,"90599 Guzman Drives Suite 531, East Hannah, VT 82298",Christian,SC,Non-Minority,Day Scholar,Sports,Domestic,B.Tech,Information Technology,2024,O,B+,,,C,B+,C,B+
Benjamin Coleman,fosterrebecca@ruiz.org,2006-04-25,Male,3923292292,"3630 Daniel Fields Suite 843, Jasonberg, VT 66577",Sikh,SC,Minority,Day Scholar,Sports,International,B.Tech,Biotechnology,2021,A,,O,C,A,B+,B,C
Sandra Robertson,brianowens@hotmail.com,2007-12-19,Male,0170555856,"48339 Warner Forest Apt. 959, Toddview, SC 45430",Muslim,MBC,Non-Minority,Day Scholar,7.5 Reservation,Domestic,B.Tech,Food Technology,2022,A+,,,A,B,B+,B,A
Kimberly Martinez,fjensen@yahoo.com,2000-02-17,Female,4670928032,"15657 Leonard Avenue Suite 879, New Brianfurt, VA 78589",Jain,BC,Non-Minority,Hosteller,7.5 Reservation,Domestic,B.E,Computer Science,2021,B,B,B+,C,A+,B,A,B
Briana Pitts,katherinereyes@gmail.com,2000-06-15,Female,9533317841,"13597 Smith Inlet, Stevensbury, SC 34696",Sikh,MBC,Non-Minority,Hosteller,7.5 Reservation,Domestic,B.Tech,Biotechnology,2020,,C,O,O,A,O,B,C
David Bryant,fchambers@hotmail.com,2003-04-01,Female,4377710070,"Unit 9391 Box 2917, DPO AE 82005",Jain,MBC,Non-Minority,Day Scholar,7.5 Reservation,Domestic,B.Tech,Information Technology,2024,B+,B+,B,A+,A,B+,,C
Holly Henry,brenda72@gmail.com,2002-09-14,Male,5466425964,"8591 Jason Fords Suite 925, South Scott, ID 01676",Hindu,SC,Minority,Day Scholar,Government,Domestic,B.E,AIML,2021,,O,A,,B,B,A+,
Anne Andrews,tammycervantes@gmail.com,2008-04-10,Female,0399509746,"0063 Timothy Rapids, Brianton, MA 73308",Muslim,OBC,Minority,Hosteller,Sports,Domestic,B.E,Food Technology,2022,,A,,,B,O,B+,C
Casey Rose,jessicawhite@yahoo.com,2005-01-15,Female,0056091544,"2985 Smith Ranch, Greenland, OK 39852",Sikh,SC,Non-Minority,Day Scholar,Sports,Domestic,B.Tech,AIML,2020,O,B,O,B,A,A+,,
Joel Larson,marywilliams@gmail.com,2000-02-28,Male,9904513492,"0473 Thomas Land Apt. 325, Johnsonburgh, SC 53982",Jain,SC,Non-Minority,Day Scholar,Government,International,B.Tech,AIML,2021,O,B,,,A+,B,A,
Megan Scott,david44@hotmail.com,1999-12-03,Male,0501107005,"05371 Jamie Expressway, Marissamouth, MN 97568",Sikh,SC,Non-Minority,Day Scholar,Sports,International,B.Tech,Information Science and Engineering,2021,A+,A,C,B,A,O,B+,A+
Craig Harmon,jkline@yahoo.com,2001-02-27,Male,8177824482,"64746 Daniel Meadow Apt. 456, East Elizabethchester, FL 23549",Muslim,ST,Minority,Day Scholar,7.5 Reservation,Domestic,B.Tech,Fashion Technology,2022,O,,B,B,B,B,B,B+
Tonya Kelley,dbarrett@hotmail.com,1999-12-08,Male,8028340592,"3844 Kevin Lane Apt. 543, Sextonbury, MA 16328",Hindu,SC,Non-Minority,Day Scholar,7.5 Reservation,International,B.Tech,Mechanical Engineering,2024,,B,B+,C,B,B,A,
Brandon Sullivan,melanie13@graham-ponce.info,2002-01-22,Male,9684868076,"407 David Hills Apt. 321, North Michelle, AR 81727",Muslim,SC,Non-Minority,Hosteller,Government,International,B.E,AIML,2024,A,B,,,B,A+,C,A
Nathan Chen,emilychoi@robertson.com,2007-11-02,Male,0513203449,"80348 Murphy Hill, West Matthewhaven, OH 61217",Muslim,OBC,Non-Minority,Hosteller,7.5 Reservation,International,B.E,Information Science and Engineering,2021,,,,C,A,B,B+,B
Joseph Murphy,mwilliams@tyler.info,2005-08-21,Male,8522405635,"5460 Bill Loaf Suite 258, Markville, ND 81313",Hindu,ST,Minority,Day Scholar,Management,Domestic,B.E,Food Technology,2024,B+,B,C,B+,B+,A+,A,C
Tamara Vaughn,chris03@yahoo.com,2006-04-18,Female,0134979694,"59854 Wood Lights, East William, NY 85121",Christian,MBC,Non-Minority,Hosteller,Sports,Domestic,B.Tech,Food Technology,2024,A,A+,B+,B+,A,A,,O
Michael Rivas,shannon91@yahoo.com,2006-05-05,Female,9781468305,"02633 Reynolds Spur Apt. 479, South David, AK 62924",Jain,ST,Minority,Hosteller,Sports,Domestic,B.Tech,Electrical Engineering,2021,,A+,,O,C,B+,A,O
Tyler Garcia,taylor56@johnson.com,2006-12-10,Male,9699673700,"09175 Miller Fords, East Maryville, SD 44318",Hindu,MBC,Non-Minority,Hosteller,Management,Domestic,B.Tech,Food Technology,2022,A,C,A,A,A+,B+,O,B
Michael Hunter,zellis@park.com,2007-12-12,Male,9236936620,"9495 Howard Mission, Hallmouth, VT 05236",Muslim,ST,Minority,Day Scholar,Management,International,B.Tech,Mechanical Engineering,2024,A,B,A,C,O,,,C
Ryan Griffin,josephhouston@gmail.com,2006-11-10,Male,9239675935,"USCGC Allison, FPO AP 83950",Sikh,OBC,Non-Minority,Day Scholar,7.5 Reservation,Domestic,B.Tech,Food Technology,2020,C,O,O,B,O,O,O,B
Stacy Rodriguez,morristristan@yahoo.com,2002-02-21,Female,2813453011,"78376 Michael Road Suite 100, Josephborough, WV 62429",Jain,OBC,Non-Minority,Day Scholar,7.5 Reservation,Domestic,B.Tech,Food Technology,2022,A+,,B,A+,A+,B,A,O
Hayley Petersen,mkelly@sanders-rodriguez.com,2007-08-28,Female,2636758582,"56334 Freeman Vista, Velazquezshire, NM 06926",Muslim,BC,Minority,Day Scholar,Management,International,B.Tech,Biotechnology,2021,A,C,,,A,C,,
Kellie Oconnor,cooperandrew@cox.com,2005-06-17,Female,5467258886,"8351 Sullivan Drives, Kathleenmouth, SD 22980",Hindu,OBC,Minority,Hosteller,Sports,Domestic,B.E,Artificial Intelligence,2023,A,,B,A+,B+,O,B+,B+
Patrick Rivera,iwhite@yahoo.com,2003-05-10,Male,2964471446,"65585 Henderson Lock Apt. 505, Murrayland, IL 42209",Christian,MBC,Non-Minority,Hosteller,Government,International,B.E,Artificial Intelligence,2022,,A,C,A+,O,B+,C,A
Anne Martinez,williamsmelanie@perez-townsend.net,2003-07-13,Female,1540362569,"460 Daniel Ports, East Aaronview, DE 46024",Jain,OBC,Minority,Day Scholar,Management,Domestic,B.E,Fashion Technology,2023,O,A+,B+,,A,A,C,C
Sarah Banks,cjimenez@myers.info,2001-03-07,Female,5981216291,"797 Thomas Mountain, West Joseph, CT 64035",Hindu,SC,Minority,Hosteller,Sports,International,B.E,Biotechnology,2024,A,B,C,B,B,B+,B+,B+
Stacy Harrington,sharidaugherty@yahoo.com,2000-07-12,Male,2411424124,"956 Hannah Radial, Kimberlyfort, HI 80537",Hindu,BC,Minority,Day Scholar,Sports,Domestic,B.E,Fashion Technology,2022,B+,,B,A+,B,B+,B,O
Donald Davis Jr.,michaelevans@martin-harrington.com,2006-04-15,Female,4985742451,"5773 Jason Route, West Dana, NE 32007",Hindu,OBC,Non-Minority,Day Scholar,7.5 Reservation,Domestic,B.Tech,Information Technology,2020,B+,A,C,A,,B,B,B
Roger Harris,lorraine08@gmail.com,2003-02-04,Female,3478261205,"98823 Calvin Lodge, Calderonburgh, MS 29775",Christian,OBC,Minority,Hosteller,Sports,Domestic,B.Tech,Fashion Technology,2022,B+,A+,,A,A,C,C,A
Melissa Vega,kimberly50@hotmail.com,2006-05-28,Male,2108716038,"73719 Toni Ridges Suite 114, Heathershire, KS 45407",Hindu,BC,Non-Minority,Hosteller,Government,Domestic,B.E,Biotechnology,2021,A+,B,B+,A,C,A+,,
Lisa Foster,david74@yahoo.com,2000-12-11,Male,4480097278,"152 Luna Crest Apt. 622, Wolfport, MI 17037",Sikh,MBC,Non-Minority,Hosteller,Government,Domestic,B.Tech,Computer Science,2023,A,B,A,A+,B,A,A+,A+
Jose Miller,beckergeorge@gmail.com,2000-08-26,Male,9938506749,"66727 Booker Shore, Timothyport, VT 76277",Sikh,OBC,Non-Minority,Hosteller,Management,International,B.E,Electrical Engineering,2020,C,A+,O,C,A+,,C,B
Edward Smith,anthonywhite@daniel.com,2006-01-13,Female,2356557913,"77519 Susan Key, Wolfbury, KY 35634",Muslim,SC,Minority,Day Scholar,Government,Domestic,B.E,Mechanical Engineering,2021,O,C,B+,C,O,O,A+,B+
Christopher Mills,gregory06@franklin-blake.com,2007-03-06,Female,8685263933,"89586 Mendez Glens, West Alex, VA 42067",Sikh,MBC,Minority,Day Scholar,Sports,Domestic,B.Tech,Information Technology,2020,B+,A+,C,A,C,,A,B
Michelle Long,franklinchristine@yahoo.com,2001-11-28,Female,5486945125,"4921 Finley Station Suite 392, Oconnellmouth, ND 29568",Sikh,MBC,Minority,Day Scholar,Management,Domestic,B.E,Information Technology,2022,B,B+,B,,O,C,B+,A+
Toni Webster,jonathan49@hotmail.com,2007-11-10,Male,3369024032,"PSC 5568, Box 9283, APO AA 25770",Muslim,OBC,Non-Minority,Hosteller,Management,Domestic,B.E,Mechanical Engineering,2021,A,B+,B+,B+,B,B+,B+,A
Victoria Kim,pibarra@ellis-christian.net,2001-10-22,Male,9491101172,"684 Alyssa Tunnel Apt. 115, East Kelsey, CT 46656",Jain,OBC,Non-Minority,Day Scholar,Sports,International,B.Tech,AIML,2024,,,A+,A,B,B,A,B+
Jennifer Graham,nashspencer@morales.com,2006-07-02,Male,6943421247,"6140 Laura Mission, East Danielfurt, OK 26664",Jain,BC,Minority,Hosteller,Government,International,B.E,Computer Science,2020,A+,B+,B+,,B+,O,B+,B+
Robert Mitchell,nelsonjasmine@best.com,2007-02-02,Male,5960367367,"758 Freeman Extensions Suite 388, Sarahview, VA 17682",Muslim,MBC,Non-Minority,Hosteller,7.5 Reservation,International,B.E,Information Technology,2020,C,B,A,A+,O,B+,B,A
Michael Schwartz,chadbrewer@yahoo.com,2003-06-19,Female,9839780583,"80358 Timothy Flats Suite 726, East Aaron, NC 52474",Muslim,BC,Non-Minority,Hosteller,Government,International,B.E,Food Technology,2024,A+,C,,B,,O,A+,B+
Robert Rogers,sandersjason@gmail.com,2005-04-26,Female,0788744820,"26478 Lindsey Creek Apt. 393, Richardborough, AK 10046",Sikh,BC,Non-Minority,Day Scholar,Sports,International,B.E,Food Technology,2024,B+,,B+,O,B+,B,A,A+
Anthony Clark,stephenwilliams@chen.info,2002-07-29,Male,3776549165,"11984 Timothy Grove, Port Michaelhaven, MD 86906",Christian,OBC,Non-Minority,Day Scholar,Management,Domestic,B.E,Information Science and Engineering,2024,C,A+,A+,A,A,A,C,A
Melissa Cardenas,higginsmelinda@martinez-howell.com,1999-12-09,Male,8879439585,"1781 Aguilar Plaza Apt. 280, South Emily, CO 61889",Muslim,ST,Minority,Day Scholar,Government,International,B.Tech,Fashion Technology,2024,A,B+,C,,A+,O,C,B+
Carolyn Gray,calvin93@yahoo.com,2003-04-06,Male,2598121378,"4066 Sabrina Ports, West Lance, KS 23479",Jain,MBC,Non-Minority,Hosteller,Sports,International,B.E,Information Technology,2024,A+,,B,B,A,A+,C,C
Christine Nichols,dbennett@gmail.com,2007-10-10,Female,3768278709,"204 Douglas Isle Apt. 694, Sarabury, SC 73289",Hindu,SC,Non-Minority,Day Scholar,Management,International,B.Tech,AIML,2020,O,B,A,B+,A+,B,B+,A+
Kyle Boyle,amanda85@miller-jackson.com,2001-09-13,Male,7267935971,"2576 Patricia Drives, East Amberstad, AR 17527",Jain,MBC,Non-Minority,Hosteller,Government,Domestic,B.Tech,Electrical Engineering,2024,,A+,O,A+,,A+,,A
Lisa Mayo,harveycatherine@gmail.com,2006-01-08,Male,8928258741,"6989 Ellis Orchard Suite 524, Port Stephaniemouth, UT 39999",Christian,OBC,Non-Minority,Day Scholar,Management,Domestic,B.E,Information Science and Engineering,2022,A+,O,A,A,,A+,A+,A
Amy Spears,gholmes@gmail.com,2000-10-01,Female,5510129299,"USCGC Savage, FPO AE 15470",Muslim,ST,Minority,Day Scholar,Sports,Domestic,B.Tech,Information Technology,2020,B+,B+,B+,B+,A+,O,B,C
Virginia Gay,nicole52@mora.net,2004-06-02,Male,7710073291,"512 Potter Stream Suite 655, East Melissa, WA 66091",Jain,BC,Minority,Day Scholar,7.5 Reservation,International,B.Tech,Artificial Intelligence,2021,C,A,O,C,,O,B,O
Corey Hall,emily35@yahoo.com,1999-10-17,Female,5734168325,"430 Toni Grove Apt. 408, Lake Erik, AK 02453",Hindu,ST,Minority,Day Scholar,Management,International,B.Tech,Electrical Engineering,2021,,A+,B,B+,C,B+,O,O
Madison Walker,rrichardson@martin.com,2002-04-04,Male,7055841077,"PSC 8601, Box 7632, APO AE 50595",Muslim,SC,Minority,Hosteller,Management,International,B.E,Electrical Engineering,2022,A,A+,B+,B,,O,O,C
Brandon Bean,zoe71@melton-hawkins.com,2006-10-27,Male,4632672630,"0545 Joshua Junction Apt. 609, Careybury, WI 79341",Jain,ST,Non-Minority,Hosteller,Management,International,B.E,Fashion Technology,2022,B,A+,,B+,B,A,B,C
David Price,josephmorales@hernandez.com,2002-02-17,Female,7413401764,"549 Mckay Shoals Suite 619, Christopherhaven, IN 08382",Muslim,MBC,Non-Minority,Day Scholar,Management,International,B.Tech,Mechanical Engineering,2022,O,B,B,A+,B,,B+,
Jessica Miller,alyssa48@hotmail.com,2001-08-02,Male,8549909168,"8891 Gutierrez Via, Smithshire, NE 29487",Jain,SC,Minority,Hosteller,7.5 Reservation,Domestic,B.E,Information Science and Engineering,2022,C,O,C,A,A,A+,B,B
Bernard Zavala,likathleen@gmail.com,2003-08-21,Female,9950321516,"20674 Woods Freeway, Wilsonhaven, AR 58454",Hindu,OBC,Minority,Day Scholar,Management,Domestic,B.Tech,Artificial Intelligence,2024,B+,C,B+,B+,A+,B,C,A
Logan Black,tward@hotmail.com,2007-03-04,Female,7645114673,"3364 Bradley Valleys, Lake Janettown, NM 78242",Christian,BC,Minority,Hosteller,Government,Domestic,B.Tech,Biotechnology,2024,,A,A+,B,B+,,O,A+
Courtney Hanna,cole59@little-mccann.net,2007-03-23,Male,7880391361,"264 Espinoza Club, West Jilliantown, HI 29458",Sikh,OBC,Minority,Hosteller,Government,International,B.Tech,Fashion Technology,2020,B+,B,,O,A,,C,A+
Patricia Johnson,david67@cruz-ramirez.org,2001-04-19,Female,8900472937,"35544 James Shore, Stevenstad, TX 27573",Muslim,BC,Non-Minority,Hosteller,Government,International,B.E,Information Science and Engineering,2021,,A+,B,A,,O,C,A
Angela Alvarez,tammygill@ramos-pham.org,2007-07-05,Female,5195894561,"90173 Rachel Branch Apt. 681, Larryville, NH 81794",Jain,BC,Non-Minority,Day Scholar,Sports,Domestic,B.Tech,Information Technology,2022,C,B+,A+,B+,C,O,C,A
Kristina Smith,nicolegreene@lopez.com,2002-02-02,Male,9886400791,"3477 Crawford Fort Suite 477, East Shannon, WV 70667",Muslim,ST,Non-Minority,Hosteller,Sports,International,B.E,AIML,2020,O,,A+,B+,B,C,O,A+
Barbara Hull,montoyaemily@gmail.com,2003-11-03,Male,5945798988,"468 Erin Parks Suite 006, Seanview, IL 01673",Jain,ST,Minority,Day Scholar,Sports,Domestic,B.Tech,Artificial Intelligence,2020,O,,A,A,O,O,C,A+
Kristy Hunter,keithshawn@hotmail.com,2008-04-13,Female,7194954202,"62331 Norton Pine, Lukeberg, SD 79293",Hindu,OBC,Minority,Hosteller,Sports,International,B.E,Mechanical Engineering,2022,B,A,B,O,C,,A,C
Rebecca Rodriguez,ajones@cole.info,2006-12-19,Male,0658123221,"324 Angela Throughway Suite 293, Hallburgh, CA 30843",Sikh,OBC,Minority,Hosteller,Management,International,B.Tech,AIML,2021,B,,C,B,O,,C,A
Jimmy Vargas DDS,stephaniemclaughlin@yahoo.com,2001-06-02,Male,6207319275,"721 Reyes Wells, Lake James, UT 53885",Sikh,BC,Non-Minority,Day Scholar,7.5 Reservation,Domestic,B.Tech,Information Science and Engineering,2023,A,O,C,B+,B+,A+,,C
Derek Hernandez,mullenryan@kennedy-campbell.com,2004-11-02,Female,2027138010,"1255 Nguyen Club Suite 606, Monicaside, LA 12482",Sikh,ST,Minority,Day Scholar,Management,International,B.Tech,Electrical Engineering,2023,O,A,B,C,B+,B+,B,C
Ruben Rangel,julia88@gmail.com,2005-09-24,Female,3999249260,"4297 Martin Trail, Christopherborough, WI 71666",Jain,BC,Non-Minority,Hosteller,Management,Domestic,B.Tech,AIML,2021,B+,,O,,B+,O,B+,B
Veronica Parker,clarkchristopher@mann.com,2002-05-05,Male,2631477976,"74177 Bell Lake Suite 535, Port Jordanshire, MT 19530",Jain,SC,Non-Minority,Hosteller,Management,International,B.Tech,Artificial Intelligence,2021,O,B,A,B+,A+,B+,A,A+
Jessica Lindsey,paul24@martin.net,2004-04-06,Male,7663372166,"947 Stephanie Lodge Apt. 321, Riverahaven, KY 35200",Jain,ST,Non-Minority,Day Scholar,Management,International,B.Tech,Mechanical Engineering,2022,B+,O,,B+,B+,A+,A,
David Berger,qfitzgerald@morgan.com,2001-07-06,Female,5611417627,"PSC 2075, Box 6863, APO AA 52692",Christian,BC,Minority,Hosteller,Management,Domestic,B.E,Mechanical Engineering,2020,C,B,C,O,B+,C,B+,C
Eugene Chapman,lisa21@simmons.com,2000-02-18,Female,4831807432,"40601 Lorraine Overpass, West Charles, SD 97402",Hindu,OBC,Minority,Hosteller,7.5 Reservation,International,B.E,Information Technology,2020,A,,C,C,B+,C,A+,C
Alison Johnson,davisdean@fields.com,2007-03-27,Female,6312636520,"157 Flores Tunnel, Hardyland, IN 99310",Hindu,ST,Non-Minority,Hosteller,Sports,International,B.Tech,Computer Science,2024,O,A+,A,A,,A+,B,A+
Kenneth Gregory,barbara95@booker.com,2007-01-17,Female,4555791457,"7224 Tran Locks Suite 480, Braunfort, MO 67973",Jain,ST,Minority,Hosteller,Government,Domestic,B.Tech,Fashion Technology,2023,C,A+,,O,C,,O,B
William Browning,austingordon@hotmail.com,2002-02-18,Female,0305563481,"24753 Preston Parkway Suite 558, Ernestfurt, AZ 84536",Christian,BC,Minority,Day Scholar,Management,International,B.E,Artificial Intelligence,2024,B,O,A+,B+,A,A+,B,B
William Wright,sanchezjamie@gmail.com,2001-01-15,Female,2305509364,"Unit 5204 Box 1279, DPO AA 02032",Sikh,MBC,Minority,Day Scholar,Management,International,B.E,Information Science and Engineering,2022,C,B+,B,A,A+,O,C,
Adrian Sandoval,parkerlisa@thompson.biz,2005-05-26,Male,6824565369,"783 Mann Hills Suite 634, Maryhaven, OH 61800",Hindu,SC,Non-Minority,Hosteller,Sports,International,B.Tech,Fashion Technology,2024,B,A,,A,B,C,O,A+
Rebecca Watson,riceleonard@hotmail.com,2001-04-02,Male,9122541709,"3213 Goodman Island Suite 800, Ramirezmouth, FL 54132",Jain,ST,Non-Minority,Day Scholar,7.5 Reservation,Domestic,B.E,Biotechnology,2021,,B,C,,B+,A,C,B
Megan Roberts,owensmanuel@hotmail.com,2003-11-12,Female,1420561805,"9160 Kidd Road, West Theresa, CO 88056",Muslim,SC,Minority,Hosteller,Management,Domestic,B.E,Artificial Intelligence,2024,C,A+,C,C,C,O,B,
Tiffany Johnson,david42@alvarado.org,2007-12-31,Female,7260294177,"992 Dwayne Falls, Kentville, AR 92728",Muslim,SC,Minority,Hosteller,Government,International,B.Tech,Computer Science,2020,A+,B+,B+,A+,C,C,,C
Linda Hernandez,tara04@yahoo.com,2001-06-06,Female,2394553476,"4027 Jones Curve Apt. 521, New Henry, GA 94158",Muslim,OBC,Non-Minority,Day Scholar,7.5 Reservation,International,B.E,Biotechnology,2021,A+,A+,O,O,A,A,,B+
Angela Hansen,mikefox@gmail.com,2001-10-24,Male,2740164556,"5103 Nelson Inlet, Ayalabury, IN 60501",Jain,MBC,Minority,Day Scholar,Sports,International,B.Tech,Information Science and Engineering,2023,A,A,A+,,,B,O,O
Kimberly Beard,mpalmer@hotmail.com,2004-10-21,Male,4647514069,"83019 Elizabeth Hills Suite 737, Rossborough, OR 33664",Sikh,OBC,Non-Minority,Day Scholar,Sports,Domestic,B.Tech,AIML,2023,C,A+,C,A+,B+,A+,B+,B+
Regina Ingram,scottamanda@gmail.com,2004-05-04,Male,1076373815,"3685 Gomez Island Suite 625, Port Omar, DC 20686",Jain,OBC,Minority,Hosteller,Sports,International,B.Tech,Mechanical Engineering,2020,B,A,B+,A+,,A,C,B+
Veronica Rivas,curtis32@wade-potts.com,2000-09-18,Female,8713469545,"USCGC Harrison, FPO AP 03290",Jain,SC,Minority,Day Scholar,Sports,International,B.Tech,Electrical Engineering,2024,,A,O,,A,B,A,B
Cody Patrick,danny61@stevenson.com,2001-12-11,Female,1178169353,"8597 Bridges Motorway, Riveraville, WI 56224",Hindu,MBC,Minority,Hosteller,Sports,Domestic,B.E,Mechanical Engineering,2023,A+,C,C,A,,,A+,B
Aaron Singleton,clarkannette@kirby-smith.org,2005-07-26,Female,3072288075,"65890 Joshua Camp Apt. 213, New Kevin, VT 18458",Sikh,ST,Minority,Hosteller,Sports,Domestic,B.Tech,Electrical Engineering,2024,C,C,C,C,B+,A+,C,B+
Philip Perez,jeremyhunt@lewis-walton.org,2008-03-14,Female,1235954628,"17422 West Shoals, Riggsland, NE 08533",Jain,MBC,Minority,Hosteller,7.5 Reservation,Domestic,B.E,Information Technology,2023,A,,A,A+,A,O,A+,B
Amy Meyer,jaclyn07@tucker-caldwell.org,2000-08-13,Female,8608611413,"697 Martinez Forks Apt. 466, South John, PA 96367",Hindu,OBC,Non-Minority,Day Scholar,Government,International,B.Tech,Information Science and Engineering,2020,B,A+,A+,C,B,,B+,B
Randy Hill,danaowens@johnson-riley.org,2007-07-13,Female,0231394387,"54208 Ashley Camp Apt. 867, Thorntonberg, TN 99085",Muslim,OBC,Minority,Day Scholar,Management,Domestic,B.Tech,Mechanical Engineering,2023,C,B+,B,C,,B+,A,B
Natalie Escobar,valerierodriguez@yahoo.com,2002-10-26,Male,0423114909,"634 Matthews Shores Suite 645, Stephanieside, MI 25566",Christian,ST,Non-Minority,Day Scholar,7.5 Reservation,Domestic,B.E,Food Technology,2021,A,A,A+,A+,B,A+,C,O
Brenda Torres,jeffrey75@yahoo.com,2008-03-27,Male,8458554401,"Unit 0648 Box 3088, DPO AA 08376",Hindu,MBC,Non-Minority,Hosteller,Management,Domestic,B.E,Food Technology,2024,B+,,O,C,,B,A,A
Katrina Taylor,ebradley@hotmail.com,2000-01-31,Male,5011786185,"138 Sharon Stream, North Brookehaven, LA 82937",Sikh,OBC,Non-Minority,Day Scholar,Sports,Domestic,B.Tech,Electrical Engineering,2023,B,O,,O,C,,B+,C
Katherine Thompson,cmoran@little-sullivan.com,2004-12-24,Male,4185172463,"48271 Parker Roads, Johnbury, NE 79755",Hindu,OBC,Non-Minority,Hosteller,7.5 Reservation,Domestic,B.Tech,Electrical Engineering,2022,,,A,B,,A,A+,A
Chelsea Griffin,megan46@yahoo.com,2001-04-01,Female,1293740411,"520 Stafford Port Apt. 012, Jacquelinemouth, NM 54714",Sikh,SC,Non-Minority,Hosteller,Government,International,B.Tech,AIML,2020,C,O,A+,B+,,B+,C,C
Mark Miller,tbell@hotmail.com,2001-12-19,Male,8062292438,"8333 Julie Fields Suite 923, Anthonyberg, VA 15099",Muslim,OBC,Minority,Hosteller,7.5 Reservation,Domestic,B.E,AIML,2022,A,C,A,B,A,O,,O
Larry Martinez,dennismacias@gross.com,2001-09-15,Female,8628478302,"317 Rivers Lakes Suite 249, Loritown, NE 16470",Jain,MBC,Non-Minority,Hosteller,Sports,International,B.Tech,Information Science and Engineering,2021,,,C,A,B,,O,A
Julie Norman,barbararodriguez@cooper.biz,1999-05-25,Male,4992737102,"504 Gray Prairie, North Veronicafort, SD 09532",Jain,OBC,Non-Minority,Day Scholar,Government,Domestic,B.E,Fashion Technology,2024,B+,B,C,O,A,C,,B+
Robert Owen,porterpatrick@steele-hill.com,2005-11-19,Male,7671388844,"322 Adkins Prairie, Port Faithberg, CT 34761",Sikh,MBC,Minority,Hosteller,7.5 Reservation,Domestic,B.E,Information Technology,2020,,A+,A+,B+,O,A,B,A+
Richard Decker,nromero@gmail.com,2008-02-12,Male,8528756473,"355 Bennett Points, Kathleenchester, ID 43072",Sikh,BC,Minority,Hosteller,7.5 Reservation,Domestic,B.Tech,Artificial Intelligence,2023,B+,B,B,O,,,A,B
Joshua Miller,cheryl32@gmail.com,2007-12-12,Male,6124578078,"05208 Kristin Loaf, Port Danielfurt, SC 84303",Hindu,ST,Non-Minority,Hosteller,Management,International,B.E,Artificial Intelligence,2022,A+,C,A,A,B+,O,B,
Mary Nelson,jordan26@gordon-espinoza.biz,2002-04-26,Female,5410011417,"93305 Ward Lakes Suite 596, Bradfordborough, AL 17382",Christian,BC,Minority,Day Scholar,Management,International,B.E,Biotechnology,2020,A+,,C,B,C,A,A+,C
Christina Powell,jay91@jenkins-reid.biz,1999-12-21,Female,0050098045,"382 Cooper Trafficway, South Ashleyview, UT 09646",Hindu,MBC,Minority,Hosteller,Management,Domestic,B.Tech,Food Technology,2023,A+,O,A,B+,C,O,B+,A+
Mark White,gallegoscurtis@castillo.net,2000-02-19,Female,0735586888,"68964 Potter Highway Apt. 983, Port Jeremy, AL 52743",Hindu,OBC,Non-Minority,Hosteller,Sports,International,B.E,Mechanical Engineering,2020,C,A,O,,A,A+,A+,B
Katherine King,mcdanieljennifer@rivera.biz,2003-05-30,Male,2066225228,"693 Jennifer Wall Apt. 389, Michaelfurt, VA 82289",Christian,SC,Minority,Day Scholar,Government,Domestic,B.E,Artificial Intelligence,2020,,A,B+,,A,C,,O
Christopher Perez,katelynvillanueva@yahoo.com,2005-07-02,Female,9345593057,"5604 Anderson Wall Apt. 983, New Joshuaview, ME 21859",Muslim,SC,Non-Minority,Hosteller,Government,Domestic,B.E,Information Technology,2024,A,O,C,O,B,A,B,A+
Matthew Higgins,moorerick@gmail.com,2002-10-31,Male,5262628700,"3220 Hatfield Points Apt. 463, Wrightburgh, VT 84713",Sikh,ST,Minority,Day Scholar,Government,International,B.E,Mechanical Engineering,2020,C,,A+,B+,A+,B+,C,A+
Kelli Porter,brittanydixon@henderson-avila.com,2007-07-22,Female,0307059912,"50526 Peters Dam Suite 657, Maryland, NV 85076",Hindu,OBC,Non-Minority,Hosteller,7.5 Reservation,International,B.E,Artificial Intelligence,2024,B+,C,B+,C,A+,,O,O
Sally Haas,shawkrista@wilson.com,2000-12-30,Male,7296436279,"220 Antonio Neck, Kramerview, VA 29236",Muslim,BC,Minority,Day Scholar,Management,International,B.E,Information Technology,2021,B,C,C,,B,O,B,B+
Gordon Galloway,jpadilla@bell.com,2000-08-21,Female,9784146221,"64346 Dana Groves Apt. 816, Cindyhaven, WI 52235",Hindu,ST,Non-Minority,Day Scholar,Sports,Domestic,B.Tech,Biotechnology,2022,A,O,B+,B,C,A,A+,A
William Hughes,watkinsamy@green-herrera.com,2000-09-14,Female,1036896141,"42717 Norma Point Apt. 593, Melissastad, ND 73340",Christian,BC,Non-Minority,Day Scholar,Government,International,B.E,Computer Science,2023,A+,C,,B,B,B+,B+,
Alexis Goodwin,rhonda31@gmail.com,2001-03-30,Female,6462854126,"27054 Davis Locks Suite 775, East Reginald, AK 80691",Sikh,SC,Non-Minority,Day Scholar,7.5 Reservation,Domestic,B.Tech,Mechanical Engineering,2024,O,B,A,B,B+,,A+,O
Brittany Lopez,williamschristopher@cook.com,2001-03-21,Male,0141156847,"USNS Garcia, FPO AA 92993",Sikh,SC,Non-Minority,Hosteller,7.5 Reservation,International,B.E,Information Science and Engineering,2020,C,A+,A,B+,A,B+,A,A+
Brittney Lambert,julie78@sims-holden.com,2006-04-01,Female,2534569111,"52139 Beltran Run, Melissaview, WV 97702",Sikh,ST,Minority,Day Scholar,7.5 Reservation,International,B.E,Fashion Technology,2020,A,B+,B,O,B+,,,B
Lindsay Harmon,clewis@collins.org,2005-05-02,Female,1393618182,"6124 Jessica Gateway, North Jacobmouth, KY 25866",Hindu,BC,Non-Minority,Hosteller,7.5 Reservation,Domestic,B.E,Fashion Technology,2022,O,A,,O,A,A,A+,B
Diana Douglas,thomasandersen@hotmail.com,2001-02-02,Male,7358132450,"296 Michelle Plains Suite 845, Boydfort, DE 24304",Christian,ST,Non-Minority,Hosteller,Management,International,B.Tech,Information Science and Engineering,2023,,B,O,A+,A,B,,B
Dr. Jill Hayes,kevinatkinson@yahoo.com,2001-05-09,Female,5738311969,"47291 Thompson Pines Suite 715, Michaelchester, ME 14122",Jain,SC,Minority,Day Scholar,Management,Domestic,B.Tech,Electrical Engineering,2021,A,O,B,,,C,A+,B
Patrick Hill,sydneyrobinson@bowers-harris.info,2000-07-14,Male,2054695971,"430 Jonathan Inlet Apt. 978, Martinborough, MI 73583",Hindu,ST,Non-Minority,Day Scholar,Sports,Domestic,B.Tech,Mechanical Engineering,2022,C,B,C,C,C,A+,B,C
Edward Brown,lopezsonya@yahoo.com,2004-06-23,Female,7137465759,"48772 Wood Dam Suite 995, New Edwardmouth, OK 42950",Hindu,MBC,Minority,Day Scholar,Sports,Domestic,B.Tech,Information Science and Engineering,2023,O,C,B,B+,A+,B,A,C
Katie Bowers,qcole@hotmail.com,2007-09-26,Female,3083031551,"682 Michael Extension, Brendaville, NE 23518",Christian,ST,Minority,Day Scholar,Management,International,B.Tech,Fashion Technology,2022,,A,O,B+,O,B,B,O
Teresa Lawrence,walkermelissa@gmail.com,2002-06-28,Male,3986294767,"036 Gibson Lock, New Jaclynport, IN 81888",Christian,SC,Minority,Hosteller,Government,Domestic,B.E,Mechanical Engineering,2022,C,C,B+,O,A,A+,A,B
Christina Drake,richmelissa@hartman.com,2007-05-30,Female,3266618289,"60145 Nicole Fall Apt. 095, Port Johnbury, MS 93978",Christian,BC,Non-Minority,Day Scholar,7.5 Reservation,International,B.Tech,Biotechnology,2022,B+,,B+,A+,B+,B+,B,B+
David Parsons DDS,stephenwiggins@gmail.com,2007-08-07,Male,7408746830,"PSC 7903, Box 7473, APO AE 05612",Hindu,ST,Non-Minority,Day Scholar,Government,International,B.E,Fashion Technology,2024,O,O,O,C,A,B,A+,A
Douglas Ross,haaslisa@gmail.com,2003-02-21,Female,9838009021,"813 Janet View Apt. 207, South Meganhaven, NM 50004",Sikh,MBC,Non-Minority,Day Scholar,7.5 Reservation,Domestic,B.E,Fashion Technology,2020,A,,A,B,C,O,O,A+
Angela Williams,yreynolds@johnson.com,2005-06-23,Female,7386776590,"9476 Hansen Knoll Suite 172, Wernerbury, WV 85405",Jain,BC,Non-Minority,Day Scholar,Government,International,B.E,Information Technology,2022,B+,C,,O,B+,O,A+,B
Frank Williams,mary64@whitaker.com,2007-11-24,Female,6438481635,"5097 Berry Dam, West Oscarbury, PA 77807",Jain,BC,Minority,Hosteller,Government,International,B.Tech,Artificial Intelligence,2021,C,C,A,B,A,B,,
James Larson,jsloan@hall.com,2003-12-21,Male,2466949717,"14412 Lisa Village Suite 540, New Stacy, AZ 74980",Jain,MBC,Non-Minority,Hosteller,Management,International,B.E,Information Technology,2020,C,B+,B+,A+,,B+,B,B+
William Allen,travisrebecca@anderson.com,2003-08-08,Male,8229049796,"5653 Jason Shoals, East Stephanie, CO 80673",Sikh,ST,Non-Minority,Hosteller,Sports,International,B.Tech,AIML,2021,B+,,C,B+,C,B+,A,B+
John Richmond,amckinney@young.info,2004-09-21,Female,3864899798,"484 Jones Passage Suite 697, Kristineport, NV 84555",Christian,OBC,Minority,Day Scholar,Sports,Domestic,B.Tech,Biotechnology,2023,,C,B,B,B+,B+,O,A
George Odonnell,mezacharles@cunningham.com,2005-07-25,Female,4799432660,"79561 Jenkins Village Apt. 864, Hamiltonville, ME 34350",Muslim,ST,Non-Minority,Day Scholar,Management,Domestic,B.Tech,Information Technology,2024,O,B+,B+,B,O,B+,A,O
Kevin Harris,vbarrett@peterson-blackburn.com,2008-01-23,Male,2818831381,"1536 Vargas Glen Apt. 932, East Jesse, DC 13400",Jain,MBC,Minority,Hosteller,Sports,Domestic,B.Tech,AIML,2021,A,B+,C,B,A+,O,B+,B
Jason Brewer,josepowell@mcconnell.biz,2002-11-21,Male,6694958979,"84437 West Oval, East Fernandoland, OH 46717",Muslim,OBC,Non-Minority,Day Scholar,Management,International,B.Tech,Mechanical Engineering,2024,A,,B,B+,B,B,A+,A+
Thomas Bauer,thomas56@harrell-perez.com,2001-03-13,Male,4442278077,"05483 Jeffrey Crest Suite 593, East Maureenborough, MI 66099",Christian,OBC,Minority,Day Scholar,Government,Domestic,B.Tech,Food Technology,2021,,B+,,B,,B+,C,O
Charles Vega,karennash@gray.com,2000-10-08,Female,4740912074,"823 Chen Plain Suite 960, East Richardville, WY 62129",Hindu,SC,Non-Minority,Day Scholar,Sports,Domestic,B.E,AIML,2022,A+,C,A+,B+,C,A+,A,C
William Lambert,gillmichelle@peterson.net,2004-08-02,Male,6584120405,"2395 Garcia Stream, Curtisview, WI 08913",Sikh,BC,Minority,Day Scholar,Management,Domestic,B.E,Information Science and Engineering,2023,A,A+,B,B+,B,B+,A,
Gary Welch,christopher10@jones.com,2007-01-01,Male,6387214205,"44893 Thomas Trail, Lisaville, GA 21308",Sikh,SC,Minority,Hosteller,Management,International,B.Tech,Computer Science,2024,A+,,C,A+,C,A,B,B
Mrs. Stacey Graham MD,lhampton@watson-harris.com,2001-06-07,Female,6250062027,"2964 Jones Way, Lake Brittanyburgh, VA 79813",Jain,OBC,Minority,Hosteller,Sports,International,B.E,Fashion Technology,2024,A+,B,,O,O,C,O,O
Jonathan Johnson,michael29@reyes.info,2002-01-17,Female,8386878601,"501 Acosta Mission Apt. 803, New Matthew, OK 16389",Sikh,SC,Minority,Day Scholar,7.5 Reservation,Domestic,B.E,Artificial Intelligence,2022,C,,A,O,,A+,C,C
Derek Jackson,welchmakayla@yahoo.com,2000-04-25,Female,3821134876,"3059 English Brook Suite 369, North Samuelside, SD 80533",Jain,SC,Non-Minority,Day Scholar,7.5 Reservation,Domestic,B.E,Fashion Technology,2024,A+,B+,A,A,B+,A,A+,B
Amanda Roberts,mellis@gmail.com,2001-01-19,Female,9204474977,"9861 Sean Neck Apt. 524, Bridgetfort, LA 23295",Christian,SC,Non-Minority,Hosteller,Sports,Domestic,B.E,Food Technology,2023,C,A,A,,O,O,,O
Angela Randall,davismichael@gmail.com,2006-08-08,Male,8645080537,"206 Joseph Light, East Austin, ND 24751",Christian,ST,Minority,Day Scholar,Government,Domestic,B.E,Mechanical Engineering,2021,O,A+,B,O,A+,O,B+,A
Kathryn Curry,james81@richards.info,2004-12-26,Male,6623111654,"063 Phillips Extensions Suite 477, West Staceymouth, VA 35217",Muslim,OBC,Non-Minority,Day Scholar,7.5 Reservation,Domestic,B.Tech,Artificial Intelligence,2020,B,B,B+,C,O,B,C,A+
Andrew Williams,xferguson@hotmail.com,2006-10-04,Male,6721962303,"9747 Burch Crossing Suite 022, Michaelburgh, DE 27930",Jain,SC,Non-Minority,Day Scholar,Management,Domestic,B.Tech,Electrical Engineering,2021,C,,A+,C,B+,A,B+,A
Jeffrey Owens,michael97@smith.biz,2003-09-28,Male,0710916877,"453 Charles Junctions, New Douglas, CA 21308",Sikh,OBC,Minority,Day Scholar,Sports,International,B.Tech,Mechanical Engineering,2020,B,,A+,A+,C,,B,A+
Sherri Dean,christina32@yahoo.com,2005-11-26,Female,2711311832,"PSC 4932, Box 0971, APO AP 88572",Sikh,SC,Non-Minority,Hosteller,Sports,Domestic,B.E,Mechanical Engineering,2021,A,A,A,C,B,,O,B+
Heather Baker,sthornton@yahoo.com,2005-11-14,Male,5011422563,"Unit 8128 Box 2541, DPO AA 12272",Christian,BC,Minority,Hosteller,Sports,Domestic,B.Tech,Food Technology,2020,B,A+,,O,C,B+,C,O
Melissa Mcbride,josephmelanie@gmail.com,2005-06-16,Female,5507522099,"0662 Allen Camp Apt. 980, Port Linda, MO 24555",Sikh,MBC,Minority,Day Scholar,Sports,International,B.E,Food Technology,2023,C,O,B,C,B,C,A+,B+
Ashley Foster,donaldsonangie@hotmail.com,2000-04-24,Female,0121523166,"615 Kelly Port Apt. 442, Leestad, CT 51689",Sikh,MBC,Non-Minority,Day Scholar,Sports,Domestic,B.Tech,Electrical Engineering,2022,B+,B,C,C,B,,A,A+
Joshua Cox,austincallahan@browning.net,2004-01-23,Female,8897907691,"536 Hansen Circle Suite 448, New Ryan, GA 49150",Jain,OBC,Non-Minority,Hosteller,7.5 Reservation,Domestic,B.Tech,Food Technology,2023,B,,B,A,,B+,B+,A+
Corey Middleton,jonespatricia@krueger.org,2006-10-12,Male,4853489456,"79352 Wilson Curve, East Deanstad, ME 09286",Muslim,SC,Non-Minority,Hosteller,7.5 Reservation,Domestic,B.E,Biotechnology,2020,A+,C,,A+,C,A,O,O
Glen Webb,brownmatthew@yahoo.com,2004-07-30,Male,0879518064,"423 Scott Creek, Davishaven, CO 99325",Sikh,BC,Non-Minority,Day Scholar,Sports,Domestic,B.Tech,Information Technology,2020,,B,O,C,A+,C,,B+
Diane Harris,plyons@hotmail.com,1999-12-14,Male,5941286894,"14797 Kennedy Ferry Apt. 052, New Taylor, SC 97984",Muslim,SC,Minority,Hosteller,7.5 Reservation,Domestic,B.E,Artificial Intelligence,2021,A,B,C,A,B,C,O,B
Justin Butler,codycardenas@gmail.com,2007-03-07,Female,8598495009,"2276 Benitez Stream, Sherrishire, CA 79025",Christian,OBC,Minority,Day Scholar,Government,Domestic,B.Tech,Artificial Intelligence,2024,O,B+,,,C,A,B+,B
Marc Gray,rachelsimpson@pollard.com,2006-07-27,Male,9377675628,"6074 Norman Shoal, Laurentown, NY 04077",Hindu,SC,Non-Minority,Day Scholar,Management,Domestic,B.Tech,Information Science and Engineering,2023,A,,,C,O,B+,C,A
Gregory Ford,kweber@morris.com,1999-12-09,Male,3428331380,"89016 Jessica Path Suite 028, Garciastad, MS 36813",Sikh,ST,Non-Minority,Hosteller,7.5 Reservation,Domestic,B.E,Biotechnology,2020,O,A+,B+,B,,C,C,A+
Anna White,walkerscott@yahoo.com,2005-06-05,Female,3240621356,"PSC 3818, Box 3404, APO AP 84634",Jain,BC,Non-Minority,Hosteller,7.5 Reservation,International,B.Tech,Computer Science,2022,A+,A,B+,C,A,B,B+,A+
Ronald Martin,williamrichard@evans.com,2002-12-22,Female,8184548836,"407 Smith Forge Suite 544, North Paul, CO 20347",Christian,ST,Minority,Hosteller,Sports,Domestic,B.E,Artificial Intelligence,2021,A,B,,O,C,,B,A+
James Newman,tranfrancisco@gmail.com,2008-04-18,Male,1526707305,"1270 Michael Extension Suite 033, Lake Tracy, MT 33592",Muslim,ST,Non-Minority,Hosteller,Government,International,B.E,Information Science and Engineering,2021,O,B+,,A,B,A+,C,A+
Jason Ayala,guzmankenneth@wilson.net,2005-11-09,Female,3160395185,"737 Daniel Loaf Apt. 178, Lake Brianborough, TX 94854",Sikh,MBC,Minority,Day Scholar,7.5 Reservation,International,B.E,Artificial Intelligence,2023,O,A+,C,A+,O,B+,C,O
Paula Macdonald,lsmith@gmail.com,1999-07-14,Female,6682959145,"599 Wright Common Apt. 008, Ronaldton, WY 14150",Muslim,BC,Minority,Day Scholar,Sports,Domestic,B.Tech,Electrical Engineering,2022,B+,B+,C,A+,C,A+,C,A
Jill Jacobs,lisa41@hotmail.com,2004-09-19,Female,2454732953,"2542 Serrano Square Suite 709, Joeltown, IA 98128",Christian,BC,Non-Minority,Day Scholar,7.5 Reservation,International,B.E,Information Science and Engineering,2024,A,A+,O,O,O,B+,B+,A+
Patricia Mcmahon,sharper@fisher-stewart.com,2001-10-16,Female,7357535085,"006 Medina Burg Apt. 228, New Thomas, SC 96223",Muslim,MBC,Minority,Day Scholar,Government,International,B.Tech,Food Technology,2021,A+,A+,O,B,A+,A,A,C
Timothy Payne,elizabethmaldonado@ayala.biz,2005-04-14,Female,1101457289,"271 Keller Street Apt. 796, Conniestad, WA 96621",Sikh,ST,Non-Minority,Day Scholar,Management,Domestic,B.E,Artificial Intelligence,2023,C,B,B+,,C,A,A,B+
Michael Smith,daniel47@yahoo.com,2004-01-11,Male,0849783258,"80088 Erika Village Suite 981, Port Cynthia, CO 93346",Jain,OBC,Non-Minority,Hosteller,Management,Domestic,B.E,Artificial Intelligence,2024,O,B,B+,A+,C,C,B,A+
Sarah Coleman,adrian04@williams.org,2008-02-08,Male,4196649491,"14225 Ramirez Estates Suite 454, Melissamouth, NH 11507",Sikh,OBC,Minority,Day Scholar,Management,International,B.E,Fashion Technology,2020,O,A,,B,,A,O,A+
Joan Hendricks,dennis60@marshall.org,2003-05-15,Male,0573858659,"302 Antonio Ferry, Courtneyhaven, MA 61180",Christian,OBC,Non-Minority,Hosteller,Sports,International,B.E,Mechanical Engineering,2024,A,A+,A,B+,O,B,A,A+
Kevin Jones,bradalvarez@hotmail.com,2006-10-24,Male,2463027363,"2028 Ramirez Inlet, North Erinfurt, NY 47438",Sikh,SC,Non-Minority,Day Scholar,Government,Domestic,B.Tech,Artificial Intelligence,2024,A,B+,A,C,A,B,A,
Joseph Harris,carrdeborah@gmail.com,2006-12-18,Male,8363167401,"898 Wright Grove, Lake David, RI 41432",Muslim,SC,Non-Minority,Day Scholar,Government,International,B.E,Fashion Technology,2022,,,A,C,C,B+,A,
Alexis Phillips,kristinrogers@watson.com,2002-12-29,Female,6905435648,"79549 Cox Flats Suite 635, Petersonside, MT 73397",Muslim,OBC,Minority,Hosteller,Sports,International,B.E,Fashion Technology,2023,,A+,A+,B+,B,A+,A,A+
Joshua Callahan,barneschristina@lane.com,2008-04-11,Male,1183899408,"45177 Mary Alley, South William, MD 39790",Hindu,SC,Minority,Hosteller,Sports,International,B.E,Fashion Technology,2020,,A+,,O,B,O,,O
Yolanda Shaffer,ojohnson@yahoo.com,2000-05-20,Male,9586742053,"3913 Richard Forge, Brownmouth, AL 27861",Sikh,OBC,Non-Minority,Day Scholar,Management,Domestic,B.Tech,Information Science and Engineering,2020,B,C,B+,,,O,A,B+
Justin Wilson,langemily@yahoo.com,2003-08-16,Female,1385597035,"856 Kenneth Pines, Danielton, SD 78648",Hindu,OBC,Non-Minority,Day Scholar,Management,International,B.Tech,Fashion Technology,2022,,C,B+,B,B+,A,A,A
Virginia Chavez,kevinmayo@scott.biz,2002-03-03,Male,7006220166,"98519 Marie Landing, Jaymouth, TN 20571",Christian,ST,Minority,Hosteller,Sports,International,B.E,Information Science and Engineering,2022,,B,A,B+,C,A,A,O
William Strickland,mark21@hotmail.com,2007-08-12,Male,6776678408,"061 John Crossroad, Lake Kayla, RI 53516",Hindu,SC,Minority,Day Scholar,Sports,International,B.E,Electrical Engineering,2021,A+,C,B,B+,B+,A,,A+
Mary Castro,uwright@watts.com,2001-05-28,Male,2313074663,"USNS Velasquez, FPO AE 98688",Jain,ST,Non-Minority,Hosteller,Government,Domestic,B.Tech,AIML,2022,B+,A,A,B+,A,B+,O,B+
Elizabeth Graves,timothy83@oneill-ortiz.org,2005-05-17,Female,5462342233,"0985 Julian Expressway, New Traciland, GA 68532",Christian,BC,Non-Minority,Day Scholar,Government,Domestic,B.Tech,Mechanical Engineering,2022,C,B,O,B+,O,A+,A,B
Terry Patton,rolson@alexander-archer.org,2006-04-02,Male,3717971437,"5905 Huffman Overpass, Justinberg, IN 37370",Muslim,SC,Non-Minority,Hosteller,7.5 Reservation,Domestic,B.E,Information Technology,2021,A+,C,,B,A+,A+,O,O
Kimberly Cummings,arthurmarsh@hill.info,2006-01-10,Female,4242160154,"8214 Cook Drive, North Lauren, AL 09776",Christian,SC,Minority,Hosteller,Management,International,B.E,Fashion Technology,2022,B,,A,A+,O,C,B,
Patricia Cline,allenescobar@yahoo.com,2003-11-14,Female,3934615027,"Unit 0397 Box 0335, DPO AP 20870",Muslim,MBC,Minority,Hosteller,Management,Domestic,B.E,Computer Science,2023,B+,A+,B+,B,C,O,,
Jeffery Moore,tonya55@cooper.com,2000-05-15,Female,3237296632,"819 Parker Loaf, Christinaport, CO 26214",Jain,ST,Minority,Day Scholar,Management,Domestic,B.E,Food Technology,2024,B+,A,B,A,,B+,A+,B+
Jennifer Rice,wolfpatricia@gomez.org,2004-08-25,Female,4659375609,"86492 Wilkins Viaduct, North Edgarmouth, FL 32925",Hindu,OBC,Minority,Hosteller,7.5 Reservation,Domestic,B.E,Mechanical Engineering,2020,C,A+,A,O,C,A,C,A+
Samantha Church,osampson@boyd.com,2001-06-09,Female,6826990179,"0313 Danny Road Suite 842, Port Carlmouth, MO 22875",Christian,ST,Minority,Day Scholar,Sports,International,B.E,Information Technology,2024,,,O,A,A+,A,,B+
Yvonne Conley,wolfsteven@jackson.com,2007-02-16,Female,8098615190,"370 Bryan Rapid, New Charlesside, VT 57928",Christian,OBC,Minority,Day Scholar,Sports,International,B.E,Food Technology,2020,B,,A+,A,O,B+,A+,B+
Alicia Watkins,jasonsims@wilson.com,2002-05-26,Female,2581158082,"69222 Lauren Cove, West Carmenfurt, AZ 73944",Hindu,SC,Minority,Day Scholar,Management,Domestic,B.E,AIML,2020,B+,A+,,O,B+,A+,A+,C
Jenny Richmond,richardsdonald@aguilar-huff.com,2001-12-14,Male,4873800232,"229 Schneider Expressway, Port Richardview, MD 59142",Hindu,OBC,Non-Minority,Day Scholar,7.5 Reservation,Domestic,B.Tech,Mechanical Engineering,2024,A,A+,B,A,A,B,B+,B+
Alicia Lloyd,joanne24@hotmail.com,2002-07-14,Male,2174029642,"09169 Jessica Valleys, Craigtown, HI 66854",Christian,BC,Minority,Hosteller,Sports,International,B.Tech,Food Technology,2021,,A+,O,A+,,B+,,B+
Gordon Cantrell,terrykenneth@yahoo.com,2006-11-25,Male,6879038178,"020 Kendra Glen, Coxbury, NY 16421",Sikh,BC,Non-Minority,Hosteller,Management,Domestic,B.Tech,AIML,2020,C,C,,O,A+,,A,A+
Larry Quinn,washingtonedward@chapman.biz,2006-03-24,Female,5193074803,"9868 Brian Mall, Brownview, UT 43548",Sikh,SC,Non-Minority,Hosteller,Management,Domestic,B.E,Food Technology,2021,A,A+,A+,,C,A,A+,O
Dawn Sims,jeffrey14@gmail.com,2008-02-27,Female,3522264298,"775 Jennifer Village Suite 797, East James, MS 65429",Jain,BC,Minority,Hosteller,Government,Domestic,B.Tech,Biotechnology,2022,C,A+,A,B+,B+,C,B+,B+
Mitchell Brown,kjohnson@wood.com,2003-12-05,Female,0853688492,"1274 Tracy Harbor Suite 553, South Williamview, MD 07805",Sikh,MBC,Minority,Hosteller,Management,Domestic,B.Tech,AIML,2020,B,,,C,,B+,,B
Matthew Graham,wendysmith@bryan.biz,2005-02-14,Female,3928782725,"1682 Craig Terrace Apt. 596, Russellland, IN 09623",Hindu,ST,Non-Minority,Hosteller,Sports,International,B.E,Food Technology,2021,C,A+,B,B+,A+,B,A+,A
Thomas Garcia,zrobertson@hotmail.com,2005-01-08,Female,0539258145,"6055 Rivera Shores Apt. 249, Jorgeburgh, VT 82053",Christian,BC,Non-Minority,Hosteller,Sports,International,B.Tech,Artificial Intelligence,2021,A+,A,C,A+,B,A+,B,B
Harold Johnson MD,kayla69@yahoo.com,2001-11-12,Male,0033954915,"3110 Carpenter Landing Apt. 104, Saunderstown, WA 70771",Sikh,BC,Non-Minority,Day Scholar,Government,Domestic,B.Tech,Food Technology,2021,B,C,A+,B,A+,B,O,A
Jacob Garcia,sandradavenport@yahoo.com,2002-06-22,Male,4200745741,"15713 Lisa River, East Jason, MI 96299",Hindu,SC,Non-Minority,Hosteller,7.5 Reservation,Domestic,B.E,Food Technology,2021,B,B,,O,B,B,A+,A
Sherry Jennings,lawrence77@yahoo.com,1999-10-10,Male,7771227888,"5095 Carter Inlet, Hatfieldport, WY 38675",Christian,OBC,Minority,Day Scholar,Sports,International,B.Tech,Mechanical Engineering,2023,C,B+,C,A+,A,B,B+,A
Kayla Thompson,scruz@lee-willis.com,2001-02-04,Male,0686046708,"454 Kara Well, Kerrville, OH 25941",Muslim,SC,Non-Minority,Hosteller,Government,International,B.Tech,Mechanical Engineering,2020,A,O,A+,A+,A,B,C,B+
Jennifer Hodge,jaredreynolds@lindsey.com,2004-01-20,Male,7399995589,"21819 Travis Square Apt. 603, Johnbury, WI 44306",Muslim,OBC,Non-Minority,Hosteller,Management,International,B.E,AIML,2020,B+,O,,B,B,O,C,B
David Nolan,nrojas@gregory-payne.com,2007-12-29,Female,6389083216,"0255 Lauren Junctions, Lake Jack, NJ 83122",Muslim,MBC,Minority,Hosteller,7.5 Reservation,Domestic,B.Tech,Mechanical Engineering,2023,A+,,B,C,C,O,B,B+
Tricia Bates,leah41@yahoo.com,2005-06-20,Male,5381552199,"4157 Olivia Fork Apt. 098, South Thomas, VA 24465",Hindu,ST,Non-Minority,Hosteller,Government,Domestic,B.Tech,AIML,2020,O,C,B,A+,B+,B,A,
Ashley Gordon,jfrazier@fisher-guerrero.com,2006-02-02,Female,5293998134,"8528 Paula Valleys, East Peter, TX 57930",Muslim,MBC,Non-Minority,Day Scholar,7.5 Reservation,International,B.Tech,AIML,2023,B,O,,C,,C,C,B
April Tucker,taylormelanie@jackson.com,2006-03-13,Female,1577215745,"3687 Reyes Fall Suite 138, Calhountown, MT 78940",Muslim,MBC,Non-Minority,Hosteller,Management,International,B.E,Electrical Engineering,2023,,O,A+,A,B+,,O,
Robin Gonzalez,anna80@simmons.com,2001-12-14,Male,4237097195,"0142 Jennifer Forges, Kimberlyland, WY 79356",Jain,MBC,Non-Minority,Hosteller,7.5 Reservation,International,B.Tech,Biotechnology,2022,A,,O,A,,C,C,C
Sarah Martin,stevenlambert@gmail.com,2006-08-02,Male,7564820309,"5562 James Haven Suite 238, Brookechester, ID 29461",Jain,SC,Non-Minority,Hosteller,7.5 Reservation,Domestic,B.Tech,Mechanical Engineering,2024,A+,O,A+,A+,B+,C,,B+
Nathan Crawford,gonzalezthomas@hotmail.com,2002-11-07,Female,4000751946,"78896 Sanchez Ramp, North Kenneth, DC 44723",Jain,ST,Minority,Day Scholar,Government,International,B.E,Food Technology,2023,B+,A+,A,A+,A,B+,B+,A
Kristen Burns,jordanschultz@gmail.com,2006-01-26,Male,9750145211,"8910 Jacob Passage Apt. 157, Calhounstad, CT 17321",Sikh,ST,Minority,Hosteller,Sports,Domestic,B.E,Computer Science,2023,O,C,,B,,,B+,C
Michelle Crosby,walkermelissa@wilson.com,2000-09-07,Male,7597312681,"398 Michelle Curve, Port Joseph, GA 77900",Sikh,SC,Non-Minority,Day Scholar,Government,Domestic,B.Tech,AIML,2024,B,A+,A+,O,A,A,,B
Christopher Cox,gonzalezdonna@hotmail.com,2000-02-05,Female,4467456922,"116 Thomas Ranch Suite 224, Marshallmouth, IN 20902",Sikh,OBC,Minority,Day Scholar,7.5 Reservation,Domestic,B.Tech,AIML,2023,B,A,O,A,O,,A+,A
Elijah Lawson PhD,williamthomas@sanchez.com,2003-04-04,Female,0611668394,"694 Austin Plains, West Alanfurt, MO 70874",Christian,SC,Non-Minority,Day Scholar,Management,Domestic,B.Tech,Biotechnology,2023,,B+,C,A+,A+,A,B+,B+
Randall Smith,jennifer07@yahoo.com,2002-06-03,Female,5771078854,"47879 Frank Key Apt. 293, Hoffmanmouth, OH 24684",Jain,ST,Non-Minority,Day Scholar,Management,Domestic,B.Tech,Computer Science,2022,,A+,A,,A+,A,A+,A
David Wagner,kennedybrianna@harper-riddle.com,2002-11-09,Male,4542265793,"023 Christopher Garden Apt. 378, South Crystalville, CO 39524",Sikh,BC,Minority,Hosteller,Government,International,B.Tech,Electrical Engineering,2024,C,O,C,A,O,A+,C,
Michele Jones,michelle71@hotmail.com,2004-12-10,Male,0832084136,"USS Young, FPO AA 32537",Muslim,MBC,Non-Minority,Day Scholar,Government,Domestic,B.E,Biotechnology,2023,O,A,A,A,A+,B,O,
Jasmin Smith,evansmichael@collins.com,2002-10-18,Male,9730852146,"690 Anthony Union Apt. 828, Port Ashley, AZ 80685",Christian,MBC,Non-Minority,Day Scholar,Sports,Domestic,B.E,Fashion Technology,2021,B,A,A,B+,B+,B,,A
Sherry Fisher,danielcollins@hotmail.com,2004-09-27,Male,0861814550,"USNV Zhang, FPO AP 92904",Sikh,SC,Minority,Hosteller,Management,International,B.E,Food Technology,2021,A,O,B+,,B+,A+,C,O
James Rivera,johnsonjames@hotmail.com,2002-10-07,Female,9612976210,"000 Johnson Haven, Lewisberg, IN 10891",Christian,MBC,Non-Minority,Hosteller,Sports,International,B.E,Food Technology,2023,A,B+,B,A,A,,A,A
Traci Carter,wwilliams@waters-warren.com,2004-02-14,Male,9730554452,"2490 Oscar Garden Apt. 196, Marcusshire, WA 90600",Christian,ST,Minority,Hosteller,Government,Domestic,B.Tech,Electrical Engineering,2022,A,O,A+,C,A+,B+,B+,A+
Mark Walker,irivers@johnson.com,2007-04-06,Male,9239986597,"9235 Martinez Via, Fishertown, MI 95173",Jain,MBC,Non-Minority,Hosteller,Sports,International,B.E,Electrical Engineering,2024,B,A,,A+,A+,C,C,A+
Robert Mitchell,racheldonovan@burnett.com,2005-12-31,Female,3738037171,"76792 Amy Spurs, Laurenmouth, NJ 53665",Jain,OBC,Minority,Hosteller,Sports,Domestic,B.Tech,Artificial Intelligence,2024,B+,A+,,,A+,B+,,A+
Lisa King,michaelnixon@rubio.com,2007-02-28,Female,8710319201,"76237 Curry Light, Lake Carloshaven, VT 39392",Christian,MBC,Minority,Day Scholar,7.5 Reservation,International,B.E,Artificial Intelligence,2024,A,A,A,O,B+,,A+,C
Yesenia Davis,jerry21@gmail.com,2006-10-20,Female,7781166024,"788 Donna Harbors, Loganhaven, HI 62591",Christian,BC,Minority,Hosteller,Management,Domestic,B.E,Biotechnology,2024,B+,A+,,A,,,A+,A+
Paula Rasmussen,gelliott@hotmail.com,2002-05-03,Male,9930971922,"63192 Amber Harbors Suite 307, Jeremyside, OH 47357",Hindu,SC,Non-Minority,Day Scholar,7.5 Reservation,International,B.E,Mechanical Engineering,2020,B+,A+,A,O,B+,A+,A,B+
John Fischer,xramirez@hahn.com,2000-04-29,Female,9116484799,"207 Harrison Corners, Amberfurt, VA 80540",Hindu,MBC,Minority,Day Scholar,Management,Domestic,B.Tech,Electrical Engineering,2021,B+,A,A+,A+,A+,A,O,O
Jerry Hartman,zfoster@hotmail.com,2003-03-19,Female,5466090901,"2006 Barnett Green Apt. 492, Clarkmouth, ND 52469",Hindu,BC,Minority,Hosteller,Government,Domestic,B.E,Biotechnology,2024,O,B+,,O,B+,B+,,A+
Brian Roberts,eric77@smith.com,2002-07-16,Male,3457436562,"689 Kevin Cove Apt. 794, East Edwardfort, ID 42943",Hindu,SC,Minority,Day Scholar,Sports,Domestic,B.E,Artificial Intelligence,2024,B+,A+,O,B,A+,A,C,B
Troy Pollard,olowery@carroll.com,2006-08-20,Male,0343835611,"42986 Patel River Suite 283, Thomasborough, MD 51502",Muslim,MBC,Non-Minority,Hosteller,7.5 Reservation,Domestic,B.Tech,Information Technology,2022,B,C,A+,,A+,B,O,A+
Christopher Hall,tammyharris@nichols.com,2005-11-20,Male,3746014197,"7858 Philip Islands Apt. 147, Hernandezhaven, SC 49977",Muslim,SC,Minority,Hosteller,Government,Domestic,B.Tech,Artificial Intelligence,2023,B+,B+,O,B+,C,A,A,
Rachel Vazquez,cnelson@mcneil-black.net,2002-11-30,Female,5793992752,"09151 Melissa Ramp, Lisashire, MT 68988",Sikh,SC,Non-Minority,Hosteller,7.5 Reservation,International,B.E,Artificial Intelligence,2020,A+,O,A,B,B+,,,
Teresa Cabrera,nicolematthews@yahoo.com,2005-02-27,Female,2133282256,"01571 Keith Trace Suite 718, West Pam, OK 60310",Muslim,SC,Minority,Day Scholar,Management,Domestic,B.E,Electrical Engineering,2021,,A+,A+,A,B+,B,C,O
Donald Ferguson,erikamoore@hotmail.com,2000-07-16,Male,6195372046,"645 Steven Run, Markside, MO 53451",Sikh,SC,Minority,Hosteller,Government,International,B.Tech,Information Technology,2024,O,B,B,C,A+,B+,O,B
Roberta Hall,helenwells@brown.com,2008-03-05,Female,7273459742,"95870 Margaret Coves, Lake Judyhaven, CA 69594",Christian,SC,Non-Minority,Day Scholar,7.5 Reservation,International,B.E,Food Technology,2022,,A,C,B,B,B+,A+,B
Mr. Dennis Clark DVM,nwells@yahoo.com,2007-02-26,Female,0206905292,"85255 Tonya Knoll, New Karenville, IA 73143",Hindu,OBC,Non-Minority,Day Scholar,Government,Domestic,B.Tech,Biotechnology,2023,O,A+,A+,B+,O,A+,,A+
Mario Daniel,brooksjennifer@yahoo.com,2001-05-10,Female,8225919468,"461 Christina Cliffs, West Angela, MA 46885",Sikh,ST,Minority,Hosteller,Sports,International,B.Tech,Food Technology,2023,C,B,B+,A+,O,A,C,C
Allen Black,ycardenas@hotmail.com,2003-11-17,Female,7388255789,"61885 Lisa Key, West Kathryn, NY 21340",Hindu,SC,Non-Minority,Day Scholar,Government,Domestic,B.E,Information Science and Engineering,2022,B,A+,,B,B+,B+,,O
Diane Branch,ipatrick@chavez-white.com,2000-09-03,Male,8368173485,"8357 Adam Manor Suite 085, North Tina, FL 23683",Hindu,SC,Minority,Hosteller,Management,International,B.E,Food Technology,2024,C,C,A+,C,,B+,,A+
Stephen Smith,alexandra75@hotmail.com,2005-04-21,Male,4851272741,"67295 Wallace Creek Apt. 345, Craigton, ME 65001",Sikh,BC,Minority,Day Scholar,Management,Domestic,B.Tech,Biotechnology,2024,O,,A,A,B+,A,A+,O
Nicholas Vega,zwest@yahoo.com,2000-10-13,Male,5548416767,"420 Natasha Place Apt. 212, Acevedoland, UT 47043",Christian,MBC,Non-Minority,Day Scholar,Government,International,B.E,AIML,2020,B+,B+,C,A+,B,B,,B+
Evelyn Holmes,mooremanuel@yahoo.com,2000-09-11,Female,5107185505,"130 Lambert Grove Apt. 959, Valdezfort, VA 63341",Hindu,SC,Non-Minority,Hosteller,Management,International,B.Tech,Fashion Technology,2021,C,A,,A,B+,A+,A,C
James Kim,irivera@gmail.com,2006-06-16,Male,0688799280,"81204 Diaz Trafficway Suite 091, Williamshaven, IA 64364",Christian,OBC,Minority,Day Scholar,7.5 Reservation,International,B.E,Artificial Intelligence,2021,O,,B,,B,O,C,
Pamela Conley,robin05@yahoo.com,2002-10-29,Female,1060701127,"3252 Yates Centers Apt. 110, Smithhaven, LA 98440",Sikh,ST,Non-Minority,Day Scholar,Government,Domestic,B.E,Electrical Engineering,2022,,O,,O,C,A,B,A
Leslie Burch,edwardschristopher@gmail.com,2000-09-22,Female,8189296171,"012 Melanie Mountain, Smithstad, UT 69505",Christian,BC,Minority,Day Scholar,7.5 Reservation,International,B.E,Mechanical Engineering,2023,A,,A,B,B+,A+,B,C
James Wood,ssnyder@yahoo.com,2001-08-31,Male,4416924262,"PSC 9029, Box 2260, APO AP 44202",Christian,BC,Minority,Day Scholar,7.5 Reservation,Domestic,B.E,Information Science and Engineering,2020,A+,,,B,O,A+,O,O
Samantha Edwards,brittany42@mayo.net,2005-09-28,Male,3340007956,"89086 Tammy Rapids Apt. 920, West Jeffreyside, ID 66937",Christian,ST,Non-Minority,Hosteller,Management,International,B.E,Fashion Technology,2024,B+,,A,B,,C,A,A+
James Buchanan,vanessa49@kelley-lawson.com,2002-07-12,Female,4046748517,"91571 Taylor Villages, Livingstonland, LA 29207",Christian,BC,Non-Minority,Hosteller,Sports,International,B.Tech,Information Science and Engineering,2022,A,C,,A+,B,B,A+,O
Tyler Montgomery,upitts@gmail.com,2004-05-05,Male,1559247846,"USCGC Bruce, FPO AA 28091",Hindu,MBC,Minority,Hosteller,Management,Domestic,B.Tech,Information Technology,2021,,,B+,O,B,A,A+,C
Kristin Garza,jonathangreen@yahoo.com,2004-02-18,Female,1185741142,"0126 Daniel Cliffs, Lake Robert, NE 12728",Hindu,SC,Minority,Day Scholar,Sports,International,B.E,Biotechnology,2020,,C,,O,,B,O,B+
Jose Harris,chad42@yahoo.com,1999-08-01,Male,3559911391,"43967 Kristopher Garden, Woodwardshire, GA 83254",Muslim,ST,Minority,Day Scholar,Management,International,B.E,Fashion Technology,2024,B+,C,B,B,B,O,B+,
Timothy Padilla,rtaylor@smith.biz,2001-10-04,Male,7613626317,"36415 Deborah Island, Amandatown, NJ 69155",Muslim,OBC,Minority,Hosteller,Management,Domestic,B.E,Computer Science,2023,C,O,C,A,A,A+,C,C
Jacqueline Gonzalez,mikayla65@ryan.com,2005-06-25,Male,1819260287,"33178 Sanford Course Suite 052, West Anthony, WY 89468",Muslim,SC,Minority,Hosteller,Sports,International,B.E,Electrical Engineering,2022,A+,A,O,A,O,B+,B,C
John Perkins,gravesdouglas@yahoo.com,2005-02-12,Female,1261047105,"319 Steven Row, Rhodesmouth, PA 73873",Sikh,BC,Non-Minority,Day Scholar,Management,Domestic,B.Tech,Information Technology,2021,C,A+,,B+,B,,A,B+
Mary Peters,hhampton@yahoo.com,2000-06-07,Female,8226986265,"62778 Andrew Island Apt. 676, West Randall, VA 87938",Sikh,ST,Non-Minority,Day Scholar,Sports,Domestic,B.Tech,Information Science and Engineering,2023,C,A,B,B+,A+,C,B+,
Shane Hebert,youngjoseph@simpson.com,2002-08-24,Female,6695800748,"176 Marcus Road Suite 634, Lake Anthony, NY 91872",Jain,SC,Non-Minority,Day Scholar,Government,Domestic,B.Tech,AIML,2020,A,B+,A+,B+,O,A+,A,B+
Amber Scott,stevenwarren@munoz-parsons.info,2002-06-12,Female,5572883243,"71236 Mcgee Isle, West Manuelstad, NH 22165",Jain,ST,Minority,Day Scholar,Sports,International,B.E,Information Science and Engineering,2021,A+,A,C,B+,B,B,A,A+
Nicholas Pineda,jeffrey44@smith.com,2002-03-13,Male,1530234629,"36562 Owens Alley, Griffinfort, MI 03209",Sikh,ST,Non-Minority,Hosteller,Management,Domestic,B.Tech,AIML,2021,B+,B+,C,,,O,B,
Dakota Davis,johnking@miller-harper.com,2004-12-02,Male,7112564265,"7258 Benson Burg Apt. 604, Bryantchester, OK 45907",Hindu,MBC,Minority,Day Scholar,7.5 Reservation,Domestic,B.E,Information Technology,2024,B+,,B+,B+,C,,C,B
Laura Nelson,paceheather@hotmail.com,2001-12-15,Male,9050695112,"PSC 5733, Box 0775, APO AA 20330",Jain,BC,Minority,Hosteller,Sports,International,B.Tech,Food Technology,2023,O,A,,B,O,O,O,B
David Brennan Jr.,matthewalexander@gmail.com,2004-12-20,Male,2552086484,"10793 Crystal Square, Gibsonbury, RI 80307",Sikh,SC,Minority,Day Scholar,Sports,International,B.Tech,Fashion Technology,2022,,,C,A+,A+,O,,A+
Alicia Barton,dhancock@yahoo.com,2001-07-05,Male,7685465500,"USNV Webster, FPO AA 69993",Jain,SC,Non-Minority,Hosteller,7.5 Reservation,Domestic,B.E,Fashion Technology,2023,,A,O,A+,A+,,C,O
Andre Brooks,qkaufman@thompson-dunn.biz,2007-10-06,Male,2148212160,"4970 Cooper Route Suite 606, Kelseyton, AR 78498",Sikh,MBC,Non-Minority,Day Scholar,7.5 Reservation,International,B.Tech,Fashion Technology,2023,A+,A+,O,B,,B+,C,O
Ashley Richmond,hwilliams@perry.org,2004-12-25,Male,3971772831,"54969 Brown Ridges, New Nancy, AZ 06488",Muslim,SC,Non-Minority,Hosteller,Government,International,B.Tech,Artificial Intelligence,2023,A+,,A,,A,O,O,B+
Eric Owens,santiagosara@reyes.info,2008-02-03,Female,8984111147,"57315 Stephanie Trail, Clarkmouth, RI 95042",Christian,ST,Non-Minority,Day Scholar,Sports,International,B.Tech,AIML,2020,B+,A+,A,,,C,A+,B+
Cory Payne,david83@hotmail.com,2000-12-19,Male,1238285147,"11693 Rhonda Pine Apt. 331, Joyborough, VT 49509",Muslim,BC,Non-Minority,Day Scholar,7.5 Reservation,International,B.E,Computer Science,2021,C,C,A,C,B+,,A,
Melissa Dennis,uspencer@webb.com,2007-11-08,Male,5559057043,"7116 Marshall Crescent, Sandersville, SD 86843",Jain,MBC,Minority,Day Scholar,Sports,Domestic,B.E,Fashion Technology,2023,,O,A+,B+,O,A,O,O
James Collins,theresa75@bishop.com,2002-10-16,Female,5447722519,"2301 Carmen Spur Apt. 462, West Peterview, MA 62925",Christian,BC,Non-Minority,Hosteller,7.5 Reservation,Domestic,B.E,Biotechnology,2023,A+,B,,C,A,A,,A+
Patricia Gaines,edwindavis@sheppard.com,2005-05-04,Female,7386900680,"39083 Michael Groves Apt. 363, New Anitaport, CT 50498",Christian,OBC,Minority,Day Scholar,Management,International,B.E,Electrical Engineering,2024,B+,B,A+,B,B+,B+,B+,B
Laura White,clarkrobert@hotmail.com,2001-09-02,Male,0501337616,"766 Antonio Meadows Suite 153, Jamesville, AK 45309",Hindu,SC,Minority,Day Scholar,Management,Domestic,B.Tech,Mechanical Engineering,2024,C,A+,C,,B+,A+,A,O
Kelly Smith,bwilson@hotmail.com,2004-09-25,Female,1817742105,"58762 Shane Oval Suite 276, Thompsonburgh, TX 65755",Hindu,SC,Non-Minority,Hosteller,7.5 Reservation,International,B.E,Computer Science,2024,O,A,A+,C,A+,A+,C,O
Erica Cruz,ashley91@rodriguez.com,2003-03-31,Female,4181836617,"7077 Phillips Lake, East Melissachester, MT 49974",Muslim,ST,Non-Minority,Hosteller,Government,Domestic,B.E,Artificial Intelligence,2022,C,B+,,B,C,,A,B+
Charles Dawson,yclark@johns.com,2001-02-24,Male,3280601024,"USNS Cruz, FPO AA 65339",Jain,ST,Non-Minority,Hosteller,Government,Domestic,B.Tech,Food Technology,2020,,C,A+,,O,O,B+,A+
Kimberly Moore,victoriabenson@mcguire-gallegos.com,2005-09-18,Female,5517443591,"1969 Taylor Tunnel, North Lindaburgh, NC 62808",Sikh,BC,Minority,Hosteller,7.5 Reservation,International,B.E,Computer Science,2024,B+,O,O,O,B+,A,A+,A+
Dr. Micheal Fernandez,odavis@lawrence-castaneda.info,2003-07-07,Male,6642017758,"90570 Stanton Knolls Apt. 712, North Jamie, MI 52209",Jain,OBC,Minority,Day Scholar,Government,International,B.Tech,Information Technology,2023,C,,O,A,B+,A,A,O
Courtney Lewis MD,hillsteven@hotmail.com,2004-09-25,Female,2293392292,"PSC 5669, Box 0047, APO AP 59184",Hindu,ST,Minority,Day Scholar,Sports,International,B.Tech,Information Technology,2023,B+,B,B+,B+,A+,C,A,B
Patricia Foster,jaredluna@yahoo.com,1999-09-13,Male,0402987694,"983 Christine Rapids Apt. 141, Phillipsville, CT 00929",Muslim,OBC,Minority,Day Scholar,Government,International,B.E,Food Technology,2020,A,A,B,A,O,A,A+,B+
Seth Lin,belinda30@hill.com,2006-06-22,Male,3005106345,"532 Phillip Ridges Apt. 410, Riggsland, IN 12625",Christian,MBC,Non-Minority,Day Scholar,Management,International,B.E,Food Technology,2024,A,B,C,B,B+,O,A+,A
Stacy Kerr,andrew17@rivera.com,2000-10-02,Male,6475911827,"15652 Michael Walk, Lopezland, MD 43471",Muslim,BC,Minority,Hosteller,7.5 Reservation,International,B.Tech,Artificial Intelligence,2021,,C,B,,,,B+,A+
Matthew Gutierrez,guy33@yahoo.com,2006-01-31,Female,3732894864,"019 Eaton Junctions Suite 265, Myersview, KS 24819",Hindu,ST,Non-Minority,Hosteller,7.5 Reservation,Domestic,B.E,Information Science and Engineering,2023,A,C,A+,O,O,C,C,O
Terri Johnson,meltonjustin@fitzpatrick.org,2007-06-23,Male,6631775493,"347 Mercedes Forges, Longmouth, WA 78276",Christian,SC,Non-Minority,Day Scholar,7.5 Reservation,International,B.Tech,Mechanical Engineering,2021,A+,A,B+,B+,A,A+,A+,A
Alexandra Wise,olivia68@hotmail.com,2006-04-21,Male,9683118099,"255 Rojas Mill, New Michaelport, CT 28673",Hindu,OBC,Minority,Hosteller,Government,International,B.Tech,Fashion Technology,2022,,A+,B,O,B+,B,A,O
Tiffany Hunter,petersonjoel@velazquez.com,2002-05-26,Male,8978304046,"39597 Stephens Summit, Hansenborough, SD 36063",Christian,ST,Minority,Day Scholar,Management,Domestic,B.E,Artificial Intelligence,2020,A,O,,O,A,B,O,
Keith Castillo,bkelly@yahoo.com,2007-01-28,Female,1176134441,"USNV Ayala, FPO AA 11945",Muslim,ST,Non-Minority,Hosteller,Government,Domestic,B.E,Artificial Intelligence,2023,B+,B+,O,A,C,C,C,
Donald Hendricks,richard08@phillips.com,2004-03-13,Female,9921345223,"05696 Krystal Squares, Port Maryton, MS 20342",Jain,MBC,Non-Minority,Day Scholar,Sports,International,B.E,Biotechnology,2020,A,A,A,B,O,A+,C,A
Ryan Oconnor,sean71@york-lane.com,2007-10-23,Female,1989150502,"Unit 1254 Box 5823, DPO AE 87401",Muslim,MBC,Minority,Hosteller,7.5 Reservation,Domestic,B.E,Information Technology,2022,A+,,B+,,,B,,B
Kaitlin Jones,rodney55@gmail.com,2005-04-21,Female,3817333870,"7394 Wilson Alley, North Justinport, OH 58835",Sikh,OBC,Minority,Day Scholar,Sports,International,B.Tech,Computer Science,2020,A+,B,B+,A,A,B,C,
Shari Day,craigadam@butler.com,2003-01-24,Male,6559439768,"5545 Brown Park Suite 612, Lake Jessica, AL 08418",Hindu,ST,Minority,Day Scholar,7.5 Reservation,International,B.E,Fashion Technology,2024,A+,,A+,A,C,B+,A,C
Jacob Gardner,ashleykelly@lee-donaldson.com,1999-08-04,Female,0588249222,"PSC 9836, Box 7662, APO AA 24762",Muslim,SC,Minority,Day Scholar,Government,International,B.Tech,Fashion Technology,2022,B+,C,B,A,B,,,
Evan Wolf,katelynlee@bartlett-oneal.com,2002-03-11,Male,2530379153,"95303 Travis Club, Josephborough, NE 39764",Christian,MBC,Non-Minority,Day Scholar,Management,Domestic,B.E,Electrical Engineering,2020,B+,B,C,A+,O,,C,B+
Susan Ward,josephreyes@jennings-nixon.com,2004-11-18,Male,5373744390,"PSC 0227, Box 4548, APO AA 77097",Muslim,MBC,Non-Minority,Hosteller,7.5 Reservation,International,B.E,Fashion Technology,2020,A,A+,C,O,C,C,O,B
Benjamin Salazar,dennis82@gmail.com,2002-01-18,Female,2315314195,"7003 Larry Unions Suite 095, North Danielle, SD 51870",Muslim,MBC,Minority,Hosteller,Management,Domestic,B.Tech,Fashion Technology,2024,A,A+,A,B+,B,A+,B+,C
Dr. Heather Walker DDS,kristin58@gmail.com,2004-05-21,Male,1878884897,"117 Carter Causeway, North Troyfurt, MO 55147",Muslim,SC,Minority,Hosteller,Management,International,B.E,Information Technology,2021,A,,C,B,O,B,A,O
Richard Benson,davidgarcia@wright-phillips.com,2000-01-27,Female,6294568872,"321 Selena Flat, East Stephenstad, UT 06552",Christian,OBC,Non-Minority,Hosteller,Management,International,B.E,Biotechnology,2021,B,B+,C,C,B+,B,O,
Steven Romero,sarah86@kelly-rios.biz,2006-02-08,Male,2154573492,"Unit 4918 Box 7630, DPO AA 91166",Jain,ST,Non-Minority,Hosteller,Management,International,B.E,Information Science and Engineering,2020,A+,A,,B,A,A+,,A
Jodi Bryant,goodmansamantha@robinson-delacruz.com,2002-04-09,Male,9303404065,"4455 Danny Square, West Taylor, NJ 83508",Sikh,SC,Non-Minority,Hosteller,Management,International,B.E,Electrical Engineering,2023,C,C,B+,,,,C,B+
Olivia Bauer,nancyriley@wilkinson.com,2008-01-21,Female,7303126328,"0671 Alan Cliff, North Brenda, HI 95662",Christian,SC,Non-Minority,Hosteller,Management,Domestic,B.E,Biotechnology,2020,C,B,B+,,O,O,B,O
Ryan Wilkins,robin60@mccoy.com,2007-11-23,Male,6893875780,"43930 Gina Landing, Smithfurt, MD 21075",Hindu,BC,Minority,Hosteller,Sports,Domestic,B.E,Biotechnology,2023,B,A+,C,C,,C,B,C
Brittany Johnson,jeffersonanna@miller.info,2002-08-25,Male,0051449665,"168 Toni Prairie, North Richardburgh, NC 00749",Sikh,SC,Minority,Day Scholar,Government,Domestic,B.E,Fashion Technology,2022,C,C,O,B+,B+,A+,C,O
Crystal Smith,kathryn04@estrada.com,2003-06-11,Male,9393592791,"01317 Angela Causeway, Hannahville, KS 26538",Christian,OBC,Non-Minority,Hosteller,Management,Domestic,B.E,Biotechnology,2020,A+,B,A+,B+,O,B+,,C
Bradley Harper,richard81@oneal.com,1999-05-03,Male,5025682189,"8658 Carla Fords Suite 078, Sanchezville, NC 17993",Jain,SC,Minority,Hosteller,Government,Domestic,B.E,Mechanical Engineering,2023,B+,,A+,A+,O,B,C,
Michele Hernandez,christopherrichards@yahoo.com,2002-01-05,Female,2627272947,"9542 Henderson Spring, Christopherbury, KS 42117",Sikh,SC,Non-Minority,Day Scholar,Management,International,B.Tech,Biotechnology,2023,A+,A,B+,C,,B+,O,A
Kristine Jackson,brodriguez@butler.info,1999-08-15,Male,3192273243,"01465 Sarah Rapid, Hoffmanview, WA 87524",Muslim,MBC,Minority,Day Scholar,7.5 Reservation,International,B.E,Food Technology,2020,C,O,B,A,O,A,B+,B+
Nicole Lawson,dananelson@gmail.com,2005-09-28,Female,3857065352,"1886 Jeremy Light, North Scott, NV 59750",Christian,ST,Minority,Hosteller,Management,Domestic,B.Tech,Mechanical Engineering,2023,B+,B,O,,O,C,B,A+
Shelly Wells,jenniferclark@yahoo.com,2007-10-11,Female,1932766534,"07242 John Path Apt. 567, North Daniel, NY 67183",Christian,ST,Non-Minority,Hosteller,7.5 Reservation,Domestic,B.Tech,Mechanical Engineering,2021,B+,B+,C,B,C,O,B+,B+
Cathy Bartlett,james36@gmail.com,2005-02-23,Male,1093758746,"6728 Michael Stream Apt. 346, New Adammouth, CT 83967",Muslim,MBC,Non-Minority,Day Scholar,Sports,International,B.Tech,Biotechnology,2023,A,O,A,B+,A,B,O,B+
Tanner Smith,thomasmendoza@fox.com,2003-06-17,Female,8201520140,"0556 Smith Throughway Suite 872, New Jessica, MN 63340",Sikh,MBC,Non-Minority,Day Scholar,Government,Domestic,B.E,Artificial Intelligence,2020,,B,A+,B+,O,C,B,C
Sarah Carlson,kellerjeffrey@gmail.com,2008-03-25,Male,8090478224,"798 Larry Knoll Apt. 369, West Elizabeth, MI 99384",Muslim,BC,Non-Minority,Hosteller,Management,Domestic,B.Tech,Information Science and Engineering,2021,C,A+,A+,B,,,A,
Michael Macias,andreaanderson@yahoo.com,2000-08-28,Female,4488902527,"7256 Yvette Crest Apt. 007, Lake Tony, HI 99403",Hindu,SC,Minority,Day Scholar,Government,International,B.E,Information Technology,2020,,B+,O,A,A,O,C,O
Diane Copeland,busherica@williams-moore.com,2003-09-14,Male,4410898477,"10726 Sandra Falls, West Aliciafort, HI 71607",Christian,SC,Non-Minority,Hosteller,7.5 Reservation,Domestic,B.E,Mechanical Engineering,2021,B,,A+,O,A+,B,A,B+
Peter Mitchell,tammiewise@hotmail.com,2004-02-12,Female,7853984794,"Unit 6169 Box 6842, DPO AP 98472",Sikh,BC,Minority,Day Scholar,Management,International,B.Tech,Electrical Engineering,2022,C,A+,A+,O,C,B,A,A+
Samantha Miranda,xmiller@santos.info,2006-06-09,Male,5180192072,"013 Foley Fort, Lisamouth, KY 73369",Muslim,ST,Non-Minority,Hosteller,Government,Domestic,B.E,Information Science and Engineering,2020,B,B+,C,O,O,A,B,B
Eric Chavez,cristinagray@gmail.com,2003-04-27,Male,5898687961,"66085 Robert Expressway Apt. 943, Port Destiny, AL 90401",Hindu,MBC,Non-Minority,Day Scholar,Sports,International,B.Tech,Electrical Engineering,2022,A,B+,O,B,O,O,A+,A
Stephanie Larsen,michellewilliams@chandler-roberts.net,1999-05-10,Female,3578101782,"2150 Christopher Hills Apt. 701, Jamesville, NV 51306",Muslim,MBC,Non-Minority,Day Scholar,Sports,International,B.Tech,Food Technology,2024,A+,B,A,O,A,A,A+,
Cheryl Bennett,emilysullivan@gmail.com,2001-03-30,Male,2867977731,"148 Sandra Crest Suite 930, Port Crystal, MI 41324",Muslim,MBC,Minority,Day Scholar,Government,Domestic,B.E,Electrical Engineering,2024,A,A+,A,,C,A,A,A+
Jennifer Harper,kristen98@wilson.com,2003-01-06,Male,2529361273,"0661 Bailey Station, North Mitchell, MN 60166",Jain,SC,Minority,Hosteller,Management,Domestic,B.E,Fashion Technology,2022,B,A,A,,A,O,A+,A+
Maureen Sanford,olsonchristopher@rogers.com,2000-02-25,Male,8115253848,"23088 Hoover Island Apt. 783, Jochester, NE 79054",Christian,ST,Non-Minority,Day Scholar,Management,Domestic,B.Tech,Artificial Intelligence,2023,O,B,B+,A+,A,B+,B+,B
Amber Mason,mortonlatoya@hotmail.com,2005-01-01,Male,9066737255,"16637 Nicholas Lights, West Amyville, IL 41354",Christian,OBC,Non-Minority,Hosteller,Management,International,B.E,Computer Science,2020,C,A,A,B+,B,B+,B,O
Sarah Miller,andrewharris@jenkins.com,2000-07-13,Female,5673145963,"Unit 4378 Box 3513, DPO AP 23658",Christian,MBC,Minority,Day Scholar,Management,International,B.E,AIML,2021,O,C,B,A+,A,B+,A+,
Chad Gregory,melindawilkerson@gmail.com,2002-03-25,Female,2194312449,"Unit 1328 Box 9071, DPO AA 43465",Jain,SC,Minority,Day Scholar,Management,Domestic,B.E,Fashion Technology,2022,O,,,,B,A,,B
Sarah Love,amyallen@yahoo.com,2003-06-18,Male,1206592629,"8549 Lisa Motorway, Rayville, MT 96705",Hindu,SC,Minority,Day Scholar,Sports,International,B.Tech,Electrical Engineering,2021,O,C,B,B,B+,B+,B+,
Michael James,forddebbie@yahoo.com,2003-11-24,Male,7486093153,"6430 Amanda Harbors, Lake Todd, KY 26012",Christian,BC,Non-Minority,Hosteller,Sports,International,B.E,Information Technology,2022,A+,B,B,,B,B,,B
Katherine Mcguire,angela32@yahoo.com,2006-02-28,Female,9659493137,"97340 Maria Center Suite 941, New Paulfurt, CA 31690",Christian,ST,Minority,Day Scholar,Sports,International,B.Tech,Electrical Engineering,2021,,A,A+,B,C,A+,O,B
Candice Massey,brad42@hotmail.com,2005-11-15,Female,5482597690,"71630 Alan Center Apt. 774, Flynnshire, NJ 83721",Jain,ST,Minority,Hosteller,Government,International,B.Tech,Information Technology,2024,A+,C,O,B+,A,,B+,A+
Madeline Park,hortonkelly@noble-silva.com,2001-11-20,Male,0622740351,"0314 Thompson Roads, Port James, MN 64044",Hindu,BC,Non-Minority,Hosteller,Government,International,B.Tech,Artificial Intelligence,2023,A,A+,B,A+,O,,,A
Stephen Vaughan,suzannebaxter@gmail.com,2005-02-24,Female,7311343628,"37675 Avila Road Apt. 832, Jacobsburgh, NY 96865",Muslim,BC,Minority,Hosteller,7.5 Reservation,Domestic,B.Tech,Electrical Engineering,2021,B+,O,,B+,C,B,A,O
Stephanie Wolf,aaronsandoval@gmail.com,2002-03-29,Male,1307919488,"18003 Stein Views Apt. 190, West Ronald, MT 66281",Hindu,BC,Minority,Hosteller,7.5 Reservation,International,B.E,Artificial Intelligence,2024,B,B+,B+,,O,O,A,A
Cassandra Perez,maynicole@curry-harvey.org,2007-12-21,Male,3818762749,"534 Osborn Coves, Gutierrezburgh, NY 69952",Christian,MBC,Non-Minority,Day Scholar,Management,Domestic,B.Tech,Computer Science,2022,B,B,B,C,,B+,A,B
Barry Horton,dcraig@gmail.com,2000-05-07,Male,4758197320,"53550 Robert Hollow, South Kristintown, AK 07943",Christian,BC,Non-Minority,Day Scholar,Government,Domestic,B.Tech,Information Science and Engineering,2023,C,B,O,A,,C,,B+
Andrew Woods,kreid@ritter.com,2006-11-16,Female,2998323292,"9447 Grimes Curve Apt. 218, Nicholasland, OR 55515",Christian,SC,Non-Minority,Day Scholar,7.5 Reservation,International,B.Tech,Information Technology,2021,C,B,,B,A,A+,O,C
Logan Maddox MD,flyons@yahoo.com,2007-05-15,Female,8073731424,"16797 Gregory Track, Nicoleborough, CA 56880",Jain,MBC,Minority,Hosteller,Sports,International,B.Tech,Information Technology,2024,B+,B,A+,O,O,,B+,
Dr. Danielle Williams,tonyajohnson@gmail.com,2002-09-25,Male,5226151388,"9001 Thomas Parkway Suite 705, Youngfort, WV 14932",Jain,OBC,Non-Minority,Hosteller,7.5 Reservation,International,B.E,Electrical Engineering,2021,,,,B+,A+,O,O,
Katherine Henderson,robert70@carlson-williams.com,2000-03-04,Male,1928492714,"627 Virginia Divide, Barnesfort, NY 59238",Sikh,BC,Minority,Hosteller,Government,Domestic,B.Tech,Information Technology,2023,,A,C,A+,A+,A+,B+,
Nancy Martin,victoriahowell@stewart.com,2006-09-13,Female,7293794404,"87347 Cynthia Fall, Danielhaven, KS 73322",Jain,SC,Minority,Hosteller,7.5 Reservation,Domestic,B.Tech,AIML,2021,O,B,O,B,C,A,C,B
Corey Martinez,henryjeffery@robertson-carter.com,2003-07-05,Female,9990371865,"823 Morris Lane, Port Rachel, WA 95890",Jain,BC,Minority,Day Scholar,7.5 Reservation,Domestic,B.Tech,Artificial Intelligence,2022,C,O,A,A+,A+,O,A+,B
Stuart Fleming,dallen@miles.org,2001-05-30,Female,7296387770,"PSC 4525, Box 5767, APO AA 71241",Christian,ST,Non-Minority,Day Scholar,Government,Domestic,B.Tech,Food Technology,2023,A,A,C,O,C,A+,A+,O
Lori Mueller,vanessa50@hotmail.com,2000-06-17,Male,5500158877,"2459 May Plain Apt. 366, East Rhonda, MS 61908",Muslim,BC,Non-Minority,Day Scholar,Government,Domestic,B.E,Mechanical Engineering,2022,A,A,,A,A+,O,A+,C
Joshua Callahan,coxabigail@yahoo.com,2000-06-10,Female,7228800965,"8847 Beverly Cliff Suite 795, Brittanyburgh, MN 66611",Jain,BC,Minority,Hosteller,Management,International,B.Tech,Information Science and Engineering,2022,B,A+,B+,A+,B,A+,,B+
Angela Wright,russell79@gmail.com,2008-01-29,Female,4981471823,"05530 Cross Light, Aguilarmouth, OH 51093",Hindu,BC,Non-Minority,Day Scholar,Management,International,B.Tech,Information Science and Engineering,2023,A,,A+,C,,,C,C
Kimberly Colon,lewisjoshua@lee.info,2006-02-26,Male,6049976817,"58026 Matthew Avenue, Watkinsmouth, KY 28037",Hindu,BC,Minority,Day Scholar,7.5 Reservation,International,B.E,Mechanical Engineering,2020,O,A+,,O,,B,C,O
Monica Martin,patrick04@braun.info,2003-04-17,Male,3192575402,"275 Julie Harbor Apt. 529, Julietown, OH 46311",Sikh,MBC,Minority,Day Scholar,Government,Domestic,B.E,Food Technology,2021,C,A+,A,B+,,,O,C
Theresa Williams,tsmith@hotmail.com,2006-05-23,Female,6504993140,"704 Hardy Gateway Suite 087, East Francisco, NY 12977",Sikh,BC,Non-Minority,Day Scholar,Management,International,B.Tech,Biotechnology,2020,B+,A+,C,,A+,,,B+
Daniel Sims,carlmcgee@coleman.com,2003-06-06,Female,7195699629,"18349 Lowery Plaza Apt. 336, Staceyberg, NJ 41758",Sikh,ST,Non-Minority,Hosteller,Management,Domestic,B.E,Biotechnology,2020,,,B+,A+,C,A+,B,
Corey Brandt,michael61@hotmail.com,2007-03-11,Female,2485352798,"210 Todd Points Suite 890, North Jameston, WY 74035",Muslim,OBC,Non-Minority,Hosteller,7.5 Reservation,International,B.E,AIML,2024,B,B+,B,A,,B+,A,A+
Rebecca Hale,vasquezronald@daugherty-melton.info,2005-10-02,Male,3867617405,"26818 Rebecca Coves, Port Scotttown, DC 32540",Jain,SC,Non-Minority,Day Scholar,7.5 Reservation,International,B.Tech,Mechanical Engineering,2022,,O,B,O,A,B,A+,A+
Rebecca Thomas,senglish@lee.com,1999-10-06,Male,5440293839,"13494 Kimberly Cliff Suite 109, South Destinyport, AK 62245",Sikh,BC,Non-Minority,Day Scholar,7.5 Reservation,International,B.Tech,Fashion Technology,2020,O,O,A+,,O,C,C,A+
David James,theresa43@gmail.com,1999-07-11,Male,7834826300,"366 King Plains, North Louismouth, MN 61321",Sikh,SC,Non-Minority,Day Scholar,7.5 Reservation,Domestic,B.E,Mechanical Engineering,2024,B+,A+,B,O,C,C,B+,B
Javier Gutierrez,jamesrobles@juarez.com,2001-08-18,Female,8903707281,"48044 Carrie Garden Suite 026, Port Aaron, DE 36402",Jain,BC,Non-Minority,Hosteller,Management,Domestic,B.E,Computer Science,2020,A,O,B,,B,A+,C,B
Susan Washington,daltondennis@hotmail.com,2007-02-20,Male,6401082636,"545 Veronica Shore, Rodriguezmouth, MS 46033",Christian,OBC,Minority,Day Scholar,Government,International,B.E,Information Science and Engineering,2021,A,A+,C,O,B+,,C,B+
Joseph Pena,joshelton@stewart.org,2000-03-24,Male,6622940688,"1586 Reyes Spurs, East Larry, MD 66984",Muslim,MBC,Non-Minority,Hosteller,Sports,Domestic,B.E,Information Technology,2024,,,A,C,B,C,C,B
Amy Craig,smithsara@gmail.com,2001-11-04,Female,0173848360,"PSC 8451, Box 1702, APO AP 80675",Muslim,OBC,Minority,Day Scholar,Management,Domestic,B.E,Artificial Intelligence,2023,O,B,A+,A+,C,,,O
Jennifer Schmidt,ycardenas@king.org,2002-03-03,Female,3959200794,"670 Jeffrey Valleys, Davidtown, MO 36967",Muslim,ST,Non-Minority,Hosteller,7.5 Reservation,International,B.E,Artificial Intelligence,2023,B+,B,B,B+,O,,B,C
Heather Mcgee,davidsweeney@gmail.com,2000-03-06,Female,7605671200,"588 Parker Coves, North Rachel, AR 57070",Jain,SC,Minority,Day Scholar,Management,Domestic,B.Tech,Food Technology,2021,O,,A+,B,C,O,A,C
John Munoz,pauljohnson@dunn.com,2005-11-23,Male,7362946311,"6437 Amanda Summit Suite 909, Robertsshire, OH 89536",Sikh,ST,Minority,Hosteller,7.5 Reservation,International,B.Tech,Mechanical Engineering,2021,O,A,,B,C,A,B,A
Joshua Shelton,kristin62@wright-cunningham.info,2002-07-14,Male,1381206370,"USNS Baker, FPO AE 29371",Sikh,OBC,Non-Minority,Day Scholar,Government,International,B.Tech,Food Technology,2023,B,B,,,B+,,A,A+
Bryan Ford,omelendez@gmail.com,1999-06-30,Female,1762365853,"97206 Leonard Inlet, Cassandratown, NH 96018",Christian,OBC,Minority,Day Scholar,Government,International,B.Tech,Computer Science,2022,C,A,A+,B,B+,C,A,A
Mariah Adams,watsonsonya@vazquez.com,2004-12-23,Male,5254165600,"1782 Hawkins Haven, New Rachelstad, PA 67478",Christian,MBC,Non-Minority,Hosteller,Management,International,B.Tech,Artificial Intelligence,2024,,C,B,A,C,B,B,B
Jennifer Collins,omartinez@moore-vincent.com,2006-06-15,Male,2614451938,"394 Montgomery Junction, Lake Caseyberg, MS 66999",Hindu,OBC,Minority,Day Scholar,Government,International,B.Tech,Information Science and Engineering,2020,A+,,,A+,,B+,C,B
Stephanie Pierce,rosskrystal@burnett.com,2003-05-21,Female,3250647396,"780 Robin Camp, Mcfarlandburgh, ME 14144",Sikh,SC,Non-Minority,Hosteller,7.5 Reservation,International,B.Tech,Biotechnology,2021,C,O,B+,C,B+,O,C,A+
Alan Bell,joneslindsay@solomon.com,2001-05-24,Male,2522794030,"USNV Zavala, FPO AA 40896",Hindu,BC,Non-Minority,Day Scholar,Sports,International,B.E,Electrical Engineering,2021,,A+,A,B+,C,,,O
Richard Mann,abrown@yahoo.com,2003-03-26,Male,7902835423,"78142 Fischer Hills Apt. 036, West Stacyfort, MI 68886",Jain,SC,Non-Minority,Day Scholar,Management,International,B.Tech,Biotechnology,2021,A+,B+,B+,B,A+,A,A,A+
Taylor Mcclain,fosterandre@martinez.biz,2006-02-19,Male,6567994923,"07486 Raymond Fords Apt. 724, Lake Christophertown, NC 66486",Muslim,ST,Minority,Hosteller,7.5 Reservation,Domestic,B.Tech,Information Technology,2024,C,O,B,O,C,A+,A+,
David Mcdonald,bharris@thomas.com,2001-11-13,Male,8620004350,"636 Laura Gardens Suite 720, North Amber, OH 65759",Hindu,ST,Non-Minority,Hosteller,7.5 Reservation,International,B.Tech,Information Science and Engineering,2020,B,B+,A,,C,A,,
Lauren Young,james45@hotmail.com,2003-06-23,Female,3899368751,"7073 Adrian Expressway Suite 426, Turnerberg, MA 45767",Jain,MBC,Non-Minority,Day Scholar,Management,Domestic,B.E,Food Technology,2023,B+,A,,B,O,O,A,B
Robert Pace,patrickpaul@hotmail.com,2005-05-24,Male,3000881260,"6787 Hannah Falls Suite 808, Lake Jerry, KY 35890",Hindu,SC,Minority,Day Scholar,Sports,International,B.E,Fashion Technology,2023,C,C,A+,B,,B,C,
Andrea Morales,owilliams@johnson.com,2003-06-28,Male,6174062996,"813 Hicks Circle Apt. 536, Hardinmouth, IA 29507",Jain,MBC,Minority,Day Scholar,Government,International,B.E,Computer Science,2021,C,B,A,B+,O,,C,B
Michelle Rose,michelle62@gmail.com,2001-01-29,Female,0491619399,"64839 Jessica Mountain Apt. 139, Port Susan, NM 90155",Christian,OBC,Minority,Hosteller,Management,Domestic,B.Tech,Electrical Engineering,2024,B+,C,B+,C,,B+,A,B
Emily Morrison,emma11@montes-jones.info,2002-08-03,Male,3890278474,"7909 Cobb Inlet Suite 474, Murphymouth, NM 16795",Sikh,MBC,Non-Minority,Day Scholar,7.5 Reservation,Domestic,B.E,Food Technology,2024,,C,C,A,B,C,B+,A+
Jack Villanueva,mwong@gilbert.org,2002-11-07,Female,2932800467,"73395 Todd Drive, Deleonport, IL 78221",Christian,MBC,Minority,Hosteller,Government,Domestic,B.Tech,Information Science and Engineering,2022,B+,B+,B+,O,B,A+,,
Mark Solomon,lbrown@gmail.com,2005-02-20,Female,6912578701,"31057 Maldonado Corners Apt. 170, Rileyton, SD 57378",Hindu,BC,Non-Minority,Hosteller,7.5 Reservation,Domestic,B.Tech,Electrical Engineering,2023,O,A+,C,O,B+,A,A+,B
Francis Macias,christyhunt@yahoo.com,2001-04-26,Female,9568369750,"PSC 9263, Box 8373, APO AE 11147",Jain,SC,Minority,Hosteller,Sports,International,B.E,Biotechnology,2022,B+,A,B+,A,A,A,,
Taylor Young,marksjessica@brooks.biz,2002-11-25,Female,4757775688,"5668 Higgins Forges, Sarashire, OR 59344",Jain,MBC,Non-Minority,Day Scholar,Management,International,B.Tech,Artificial Intelligence,2024,A+,O,B+,A+,C,,A+,B
Steven Anderson,ballardlucas@gmail.com,2006-11-11,Male,7201649184,"7179 Robinson Bridge, Lake Cynthia, HI 52473",Sikh,SC,Non-Minority,Hosteller,7.5 Reservation,International,B.Tech,Mechanical Engineering,2021,B+,O,O,A,O,A+,B,A+
David Carpenter,cfisher@carlson-smith.com,2000-04-06,Male,7177622221,"96795 Sarah Tunnel, Lisatown, NY 38246",Jain,SC,Minority,Day Scholar,7.5 Reservation,Domestic,B.Tech,Food Technology,2022,B+,O,C,O,C,C,B+,O
Adrienne Burton,nmills@callahan-thompson.net,2002-09-18,Male,7191335492,"Unit 6382 Box 8523, DPO AP 51535",Christian,SC,Non-Minority,Hosteller,Government,International,B.Tech,Food Technology,2020,B,,,B+,B,C,A+,C
Larry Wagner,teresa88@yahoo.com,2007-12-21,Female,7848320896,"898 Snyder Harbors Apt. 996, Davisbury, UT 98879",Sikh,OBC,Minority,Hosteller,Sports,International,B.Tech,Biotechnology,2022,C,A,B,B+,B,B,A,A+
Margaret Logan,margaret91@medina.com,2001-07-18,Male,3544263871,"35580 Smith Brook Apt. 157, Hannahview, IL 29148",Jain,SC,Minority,Hosteller,Management,International,B.Tech,AIML,2023,A,,A+,O,O,A+,A,B+
Julia Medina,martineztamara@hotmail.com,2000-09-13,Female,0075754512,"PSC 3174, Box 3699, APO AE 29514",Christian,ST,Non-Minority,Day Scholar,7.5 Reservation,International,B.Tech,Biotechnology,2021,B,C,B+,C,B+,O,A+,
Ann Davies,williamscott@yahoo.com,2004-03-24,Female,6697617346,"1218 Booker Unions, North Devinview, UT 36164",Muslim,ST,Non-Minority,Hosteller,Management,International,B.Tech,Electrical Engineering,2020,,O,,C,C,O,B+,B+
Amy Lee,ubell@gmail.com,2004-01-19,Male,8670678832,"445 Luis Court Suite 722, West Roy, CA 95496",Jain,BC,Non-Minority,Hosteller,Sports,International,B.Tech,AIML,2023,B,B,,A+,A+,A+,A,A
Sandra Richardson,fporter@alexander.net,1999-04-22,Female,6603273857,"517 Jeffrey Extension Suite 486, West William, SC 98868",Hindu,ST,Minority,Day Scholar,Government,International,B.E,Fashion Technology,2021,B+,,A,B,,A,O,O
Sarah Porter,thompsonjessica@yahoo.com,2004-10-15,Male,3438080133,"133 Anthony Mountains Suite 867, Coxborough, ID 44261",Muslim,ST,Non-Minority,Day Scholar,7.5 Reservation,Domestic,B.Tech,Mechanical Engineering,2022,,A+,,B,C,O,B,A
Carolyn Roberts,kyle46@ellison-robertson.com,2008-01-01,Female,5220449756,"39970 Benjamin Crescent Apt. 578, West John, NV 52702",Sikh,BC,Non-Minority,Day Scholar,Sports,Domestic,B.Tech,Fashion Technology,2023,O,B,B,B+,B,B+,O,
Michelle Lewis,ianchavez@yahoo.com,2004-07-25,Female,5674915017,"Unit 0746 Box 8732, DPO AA 67048",Christian,ST,Non-Minority,Day Scholar,7.5 Reservation,Domestic,B.Tech,Biotechnology,2020,B+,A,B+,B,A,O,B+,B
Yvonne Shannon,dalethomas@brooks.com,2008-01-17,Male,9036697947,"7338 Renee Mount Suite 283, Johnsonborough, WY 37602",Sikh,MBC,Non-Minority,Hosteller,Government,International,B.Tech,Fashion Technology,2021,A+,A+,O,C,C,A,A,A+
Jessica Harmon,karen12@jones-collins.com,2002-05-22,Male,5641473956,"28640 Lane Throughway, Lopezburgh, NM 34678",Hindu,BC,Minority,Hosteller,Sports,Domestic,B.Tech,Food Technology,2023,A+,C,A+,O,A,B,B+,C
Logan Cherry,curtisshaw@yahoo.com,2005-03-06,Male,9880009925,"44482 David Ridges Apt. 648, Lake Martha, HI 91719",Christian,ST,Non-Minority,Hosteller,Management,International,B.E,Fashion Technology,2024,A+,C,C,B,C,C,B,B
Mario Thornton,sullivanmichael@cardenas.biz,2007-03-14,Male,2811391112,"3949 Williams Row, Ortiztown, SD 52678",Muslim,OBC,Non-Minority,Hosteller,Government,Domestic,B.Tech,Electrical Engineering,2022,A+,A+,A+,,C,,A+,C
Albert Adams,brendaflores@hotmail.com,2004-05-09,Female,0867148184,"102 Barbara Roads Suite 810, Austinland, PA 32051",Jain,SC,Non-Minority,Hosteller,7.5 Reservation,Domestic,B.E,Food Technology,2024,B+,B+,O,,C,,A,
Dana Byrd,johnclay@johnson.com,2007-02-14,Female,2932214086,"Unit 8655 Box 2266, DPO AE 27599",Christian,ST,Non-Minority,Hosteller,Management,Domestic,B.Tech,Information Technology,2021,O,A,O,O,A+,O,,A+
James Williams,devinblake@hotmail.com,2005-12-12,Male,0305358279,"18689 Cox Hollow Apt. 764, South Randy, NJ 83076",Sikh,ST,Minority,Hosteller,Government,International,B.E,Food Technology,2024,A+,B,A,B+,O,B,B+,A+
Jeffrey Cisneros,wgraham@wallace-chapman.net,2002-12-04,Male,9810889382,"6797 Hamilton Center, East Elizabethview, CA 77633",Jain,ST,Non-Minority,Hosteller,Management,International,B.E,Artificial Intelligence,2020,B+,A+,C,C,O,C,O,B
Stacie Dunn,juan71@morris-hammond.com,2002-04-19,Male,6439462917,"USNS Salazar, FPO AA 18218",Jain,ST,Non-Minority,Hosteller,Government,Domestic,B.Tech,Computer Science,2023,B+,O,,O,C,B+,B+,O
Gina Sullivan,hortonshawn@lewis.com,1999-12-11,Male,7958962962,"7320 Dylan Parkway, East Devinmouth, LA 85143",Jain,BC,Non-Minority,Hosteller,Government,International,B.Tech,Computer Science,2023,B,B+,B,,B,A,B,B
Regina Mendoza,charles22@gmail.com,2001-02-28,Male,3171078027,"170 James Vista Apt. 398, East Nicoleside, FL 34995",Muslim,SC,Non-Minority,Hosteller,Government,International,B.Tech,Artificial Intelligence,2023,B,A+,,A,B,C,B+,A+
Andre Rivera,rebeccaherrera@raymond.biz,2007-05-12,Female,8215398593,"USNS Martin, FPO AE 68128",Jain,OBC,Non-Minority,Hosteller,7.5 Reservation,Domestic,B.E,Artificial Intelligence,2021,,B+,A,A,,C,,C
Christina Palmer,reynoldsamanda@cox.info,2001-12-23,Male,9854800612,"02964 Alicia Gardens Suite 570, New Manuelshire, NC 49078",Sikh,BC,Minority,Hosteller,7.5 Reservation,International,B.Tech,Mechanical Engineering,2023,A,A+,A+,B+,B+,B,O,O
Alexander Hawkins,michellewhite@rodriguez-reynolds.com,2003-06-14,Male,0783765426,"51286 Lyons Creek, New Brian, NY 61448",Jain,OBC,Non-Minority,Day Scholar,7.5 Reservation,International,B.Tech,Computer Science,2020,O,O,,B,B+,O,B,O
Holly Gomez,krista15@walker.com,2006-05-09,Male,4768970852,"3579 William Mews, Johnstad, TN 24765",Jain,SC,Minority,Day Scholar,Government,International,B.E,Food Technology,2022,,O,A,,B+,A,A,A
Brianna Martinez,anthony59@gmail.com,2002-07-14,Female,3140791315,"090 Fields Club, Tiffanyville, AL 67355",Jain,ST,Minority,Hosteller,Management,International,B.Tech,AIML,2023,C,B,A+,O,B,A+,B,
Nicole Nichols,sgoodman@hotmail.com,2007-06-07,Male,9872165245,"87082 Nelson Station Suite 784, Brittanytown, GA 64047",Hindu,OBC,Non-Minority,Day Scholar,7.5 Reservation,Domestic,B.E,Information Technology,2022,B+,A,C,O,,B,,
Tammy Bishop,tmorgan@roman.biz,2006-09-06,Male,4320245708,"2677 Mcclain Club Apt. 960, Jenkinsside, AZ 40839",Muslim,OBC,Non-Minority,Day Scholar,7.5 Reservation,Domestic,B.E,Information Technology,2021,,A+,B+,A+,B,O,,
Joshua Richards,eperez@gmail.com,2007-02-10,Male,7944980236,"88835 Jodi Ridges, Allisonmouth, NE 53637",Christian,SC,Non-Minority,Hosteller,Sports,International,B.E,Biotechnology,2022,B+,,,A+,B+,A+,O,A+
Anthony Arnold,jacksoncarrie@brewer.com,2006-03-22,Female,3976508125,"Unit 6559 Box 8097, DPO AA 11022",Hindu,ST,Minority,Hosteller,7.5 Reservation,Domestic,B.E,Mechanical Engineering,2023,C,A,C,O,A,B,B+,B
Darren Gonzalez,joycecharlene@rose.com,2000-05-30,Female,4279636077,"87921 Brown Shoals, Pearsonmouth, MA 59493",Jain,ST,Minority,Day Scholar,Government,International,B.E,Computer Science,2024,A+,A+,B,C,,A+,O,O
Charles Armstrong,brandybaker@yahoo.com,2007-02-17,Female,9060553649,"966 Phillips Track Suite 289, Lake Stephanie, MI 18255",Sikh,OBC,Non-Minority,Day Scholar,7.5 Reservation,Domestic,B.E,Biotechnology,2021,O,B,C,A+,B+,C,B+,
Tammy Baldwin,sbuchanan@moore.org,2005-09-04,Male,2941197242,"05552 Bray Roads Apt. 402, North Michael, CT 43336",Jain,OBC,Non-Minority,Hosteller,Government,Domestic,B.Tech,Food Technology,2020,,O,O,A,O,,A,O
Andrew Smith,hmalone@gmail.com,2001-07-29,Female,6843768062,"168 Joseph Shore, Pooleton, DE 72593",Sikh,ST,Minority,Day Scholar,Government,International,B.E,AIML,2020,A+,A,A,B,B+,B,B,
Todd Jackson,jessicablankenship@horton.com,2007-05-09,Male,8365585263,"50305 Colleen Vista, Booneborough, UT 33856",Jain,SC,Minority,Day Scholar,Sports,International,B.Tech,Electrical Engineering,2024,O,C,,B+,A,,,
Dr. Amanda Mcmahon,melissadavis@young.org,2006-10-01,Male,8945154489,"946 Brenda Plaza, New Luis, WY 67353",Jain,OBC,Non-Minority,Day Scholar,Government,Domestic,B.E,Biotechnology,2023,B,,O,B+,B+,C,A,
Andrew Howard,richardsonjennifer@gmail.com,2003-05-12,Female,3833170398,"8046 Padilla Valley Suite 284, South Davidborough, ME 04106",Hindu,BC,Non-Minority,Hosteller,Sports,International,B.E,Food Technology,2023,B,,B,B+,,O,C,B
Jeffrey Evans,michellemiller@porter.net,1999-04-26,Male,6967622668,"503 Patricia Light Apt. 511, East Mary, AR 02991",Muslim,BC,Minority,Day Scholar,Management,International,B.Tech,Fashion Technology,2024,A,A+,B,A,A+,,A+,B
Sarah Moss,zschmidt@hotmail.com,2005-10-05,Female,0352775297,"9356 Rubio Divide, Sellersside, NC 63981",Muslim,OBC,Non-Minority,Day Scholar,Government,Domestic,B.E,Biotechnology,2024,B,O,C,O,B+,A+,O,O
Brian York,reynoldscrystal@hotmail.com,2007-02-07,Male,9842885924,"5538 Logan Shoal, West Randall, WY 43850",Sikh,MBC,Non-Minority,Day Scholar,7.5 Reservation,Domestic,B.E,Computer Science,2021,B,A+,B,O,,B,A,
Jennifer Cook,jesseparker@schroeder.info,2002-04-15,Male,5833988107,"80223 Chen Route Apt. 049, New Samantha, IN 47431",Jain,OBC,Non-Minority,Day Scholar,Sports,International,B.Tech,Biotechnology,2021,C,C,O,O,O,B+,,A+
Stefanie Brown,qtucker@yahoo.com,2002-09-10,Female,5425201197,"45481 Jesus Loop, Baileymouth, GA 44714",Sikh,SC,Minority,Day Scholar,7.5 Reservation,International,B.Tech,Artificial Intelligence,2024,A+,B,O,C,O,A,B,C
Michael Johnson,amanda97@walton-rich.biz,2006-02-09,Male,6703424907,"503 Cindy Stream Suite 331, New Calebberg, OK 64220",Sikh,OBC,Minority,Hosteller,Sports,International,B.E,Information Technology,2020,,C,A,B,O,C,A,C
Leslie Martin,vsmith@yahoo.com,2007-11-12,Female,2105008865,"07347 Watts Fords Apt. 002, West Cassandraberg, WA 48449",Jain,SC,Minority,Hosteller,Management,Domestic,B.Tech,Artificial Intelligence,2023,B+,B+,A+,B+,O,B,,C
Joseph Cannon,mirandabanks@dunn-burns.com,2007-03-07,Male,8754821770,"Unit 2773 Box 9693, DPO AE 84764",Jain,BC,Minority,Hosteller,Management,International,B.Tech,Fashion Technology,2021,,B,O,B,A+,B,B,O
Andrea Hall,nicole05@yahoo.com,2004-05-18,Female,7037882018,"7061 Atkins Lakes, East Brandonport, AR 79956",Muslim,MBC,Non-Minority,Day Scholar,7.5 Reservation,International,B.Tech,Mechanical Engineering,2021,C,B,C,B,B,B,C,C
Ralph Rice,smithchristy@parker.com,2000-02-03,Male,0595374234,"192 Anthony Shore Suite 369, Vargasburgh, WA 14498",Muslim,MBC,Minority,Hosteller,Management,Domestic,B.E,Mechanical Engineering,2023,A+,,A,B+,C,B+,B+,A+
Miranda Thompson,taylorjeffery@long.com,2004-12-29,Female,2317683336,"90767 Joseph View Apt. 930, New Angelashire, WV 23216",Muslim,BC,Minority,Hosteller,Sports,International,B.Tech,Information Technology,2022,A+,B,A,O,B,,C,A
Keith Edwards,jonesdaniel@howard-campbell.org,2000-04-02,Male,1973262499,"55065 Johnson Grove, Smithmouth, OK 81646",Christian,OBC,Minority,Day Scholar,Government,International,B.E,Artificial Intelligence,2020,B+,B,A,A,B+,B+,A+,C
Charles Mccormick,lauren30@jennings-flores.com,2007-10-31,Male,2649474234,"35798 Allen Walk, Brittanyfort, NV 01822",Muslim,OBC,Minority,Day Scholar,7.5 Reservation,International,B.Tech,Food Technology,2022,A+,C,,A,B+,A,C,B
Arthur Lopez,laurahunt@yahoo.com,2000-07-17,Male,4751002790,"9768 Christian Mountains Suite 839, Michaelport, OR 96345",Sikh,SC,Non-Minority,Hosteller,Management,Domestic,B.Tech,Mechanical Engineering,2021,B+,A+,O,A,A+,C,B,B+
Fernando Williams,mcleanjeffery@yahoo.com,2003-01-15,Male,6876684154,"82382 Antonio Forks, Kellyton, NV 50048",Hindu,BC,Non-Minority,Day Scholar,7.5 Reservation,International,B.Tech,Biotechnology,2022,B,C,B+,A+,A+,O,A+,A
Peter Mahoney,pmorris@hotmail.com,2000-03-07,Male,2519570273,"89384 Robert Common Apt. 094, Port Robin, MD 15478",Christian,MBC,Minority,Hosteller,Sports,International,B.E,Information Science and Engineering,2023,A,A+,A+,C,A,,A,B
Sheena Ford,richardkimberly@riggs.biz,2005-12-04,Female,9902494150,"9904 Jennifer Bridge, Mollymouth, AZ 67136",Jain,BC,Minority,Day Scholar,Management,International,B.Tech,Fashion Technology,2020,A+,O,A+,B,C,A,B+,C
Deanna Kim,jose16@gmail.com,2003-02-01,Female,6707876183,"16108 Greene Knolls Suite 779, North Steven, IA 72465",Jain,OBC,Non-Minority,Day Scholar,Government,International,B.E,Information Science and Engineering,2024,,A,O,B+,A,A+,A+,B
Richard Mcknight,stephanie45@yahoo.com,2006-03-20,Male,1929419631,"9645 Parks River Suite 548, Jasonton, NC 83049",Christian,BC,Non-Minority,Hosteller,Sports,Domestic,B.Tech,Fashion Technology,2024,A+,A,B+,A,B,B+,A,C
Donald Burton PhD,matthew47@kim.com,2006-02-04,Male,6189565811,"3482 Allen Bridge Suite 502, Dillonburgh, MS 92330",Muslim,OBC,Minority,Day Scholar,Sports,Domestic,B.Tech,AIML,2022,C,B,A,,A+,O,A,
Kayla Ruiz PhD,holmeswilliam@sanders.org,2001-03-16,Female,3177973532,"68184 Christina Lights Apt. 888, North Tonyaview, AR 11703",Sikh,OBC,Minority,Day Scholar,Management,Domestic,B.Tech,Computer Science,2020,A,A+,O,B,,B,B+,A+
Jason Hernandez,cmata@yahoo.com,2001-04-12,Male,6744191267,"69370 Melissa Squares Suite 312, Heidiberg, SC 67781",Jain,BC,Minority,Hosteller,7.5 Reservation,Domestic,B.E,Mechanical Engineering,2021,C,B+,A,C,A,A+,B+,B+
Laurie Robinson,seanbecker@kim-sanchez.com,2000-01-24,Female,8556507629,"USNS Morrison, FPO AP 23123",Hindu,BC,Non-Minority,Hosteller,Sports,Domestic,B.Tech,Artificial Intelligence,2022,B,A,B,A,B,A+,B,B+
Rachael Moore,leah31@norris.biz,2005-03-15,Female,2584048573,"71891 Flores Plaza, New Bill, MI 57525",Hindu,ST,Non-Minority,Day Scholar,Management,Domestic,B.E,Information Technology,2020,A+,B+,B,,B+,B,,A+
Troy Nelson,mhicks@chavez.com,2004-03-09,Female,4951897275,"Unit 9762 Box 0443, DPO AA 46427",Christian,MBC,Minority,Hosteller,Management,Domestic,B.Tech,Food Technology,2023,A,B+,A+,B+,B,B+,A+,A+
Alisha Lee,ktownsend@yahoo.com,2003-03-26,Female,9776359697,"903 Peter Crescent, North Anna, MN 33664",Sikh,BC,Minority,Day Scholar,7.5 Reservation,Domestic,B.Tech,Artificial Intelligence,2020,B,,,B,C,B+,,A+
Stephen Ramirez,ryanmatthew@gmail.com,2003-09-04,Female,0474329077,"4271 Matthew Branch, South Gregory, SD 73508",Sikh,SC,Non-Minority,Hosteller,7.5 Reservation,Domestic,B.E,AIML,2022,A,A,B+,A,C,,,A
Colleen Rowland,johnsonnathaniel@welch.com,2007-08-05,Female,8001742921,"965 Margaret Avenue Suite 564, North Yvonneview, DE 84407",Muslim,SC,Non-Minority,Hosteller,Sports,Domestic,B.E,Information Science and Engineering,2023,A,C,A+,,B,B,A+,A+
Mary Tucker,raymondshepherd@davis-garcia.org,2007-11-11,Male,9728019092,"594 Walsh Pines, Morganfurt, WY 81100",Hindu,SC,Non-Minority,Hosteller,Management,International,B.Tech,Information Science and Engineering,2024,O,B+,A+,B,A+,O,C,O
Ernest Page,cainsarah@gmail.com,2003-07-24,Male,0903458796,"05996 Carolyn Circle Apt. 761, Davidborough, PA 48199",Hindu,SC,Non-Minority,Hosteller,Government,International,B.Tech,Mechanical Engineering,2022,A+,B,C,O,B+,C,A+,B+
Michael Carter,qdavis@russell.biz,2005-08-09,Female,1079190014,"947 Michael Stravenue Apt. 312, Williamsberg, AL 67146",Christian,MBC,Minority,Hosteller,7.5 Reservation,International,B.E,Computer Science,2021,,B,C,C,O,B,B+,O
Anne Robles,sandradaniels@yahoo.com,2006-09-27,Male,9067434915,"1134 Flores Fort, North Victor, DC 12120",Jain,SC,Minority,Day Scholar,7.5 Reservation,International,B.Tech,Food Technology,2022,C,O,B,C,A,B,A,B+
Cynthia Wilson,cparks@berry.com,2007-07-14,Male,7041429010,"72223 Barnett Orchard, West Carla, WI 43754",Jain,MBC,Minority,Hosteller,Government,International,B.Tech,Food Technology,2022,O,C,,O,O,O,B,O
Michael Smith,hamptonjacob@gmail.com,2005-06-01,Male,3882736990,"2714 Russell Ranch Apt. 809, South Jermainestad, OR 61768",Hindu,MBC,Minority,Hosteller,7.5 Reservation,Domestic,B.Tech,Information Technology,2022,A,,A+,A,B+,O,,A+
Trevor Scott,kevintaylor@johns.com,1999-04-29,Female,3088291467,"10247 Kristie Fort, West Brandonfurt, RI 48204",Hindu,ST,Non-Minority,Hosteller,Sports,Domestic,B.E,Computer Science,2024,B+,B,A,B+,A,B+,A+,O
Leslie Thomas,zolson@gmail.com,2005-04-17,Male,6503334087,"775 Yu Mews Apt. 507, East Melissafort, IA 83330",Hindu,BC,Non-Minority,Hosteller,Management,Domestic,B.E,Computer Science,2023,O,B+,C,B,C,B,A,B
Douglas Petersen,zwallace@hotmail.com,2003-04-26,Female,4318205878,"8301 Ewing Forges Suite 312, Patriciaburgh, TX 26370",Christian,MBC,Non-Minority,Day Scholar,Sports,International,B.Tech,Mechanical Engineering,2023,B+,,A+,A,B,O,A+,A+
David Brown,vshah@simpson-livingston.biz,2001-02-26,Female,9123966055,"6914 Arroyo Manors, Gentryport, TN 93557",Muslim,OBC,Non-Minority,Day Scholar,7.5 Reservation,Domestic,B.E,Computer Science,2022,C,A,A+,B,A,A+,C,B
Thomas Miller,cathy78@yahoo.com,2000-09-05,Female,2131414584,"260 Katie Drive, Laurieport, IL 32357",Sikh,OBC,Minority,Hosteller,Government,Domestic,B.Tech,Information Science and Engineering,2021,O,A,,C,O,B+,B,
Brandon Adkins,mleach@gmail.com,2005-12-03,Male,2855043251,"USNS Green, FPO AE 09281",Sikh,SC,Non-Minority,Day Scholar,Management,International,B.E,Electrical Engineering,2024,C,A+,O,C,A,C,O,B+
Austin Jones,nicholasjones@hotmail.com,2002-07-18,Male,2793051843,"28218 Steven Locks Apt. 164, West Megan, MI 22809",Jain,SC,Non-Minority,Day Scholar,7.5 Reservation,International,B.E,Mechanical Engineering,2020,B+,C,O,B,B+,B,A+,
Julia Sanchez,josephmoon@hotmail.com,2007-02-23,Male,3908388493,"1202 Miller Motorway Suite 469, Burtonberg, DE 32952",Sikh,SC,Minority,Hosteller,Management,Domestic,B.Tech,Artificial Intelligence,2023,,B,,B+,,B+,O,
Dana Johnson,patrick11@klein.org,2000-03-06,Male,7838552653,"854 Garrett Canyon Apt. 888, Sharpstad, DC 95971",Christian,BC,Minority,Day Scholar,Management,International,B.E,Mechanical Engineering,2022,O,A+,C,A,B+,B+,A+,
Jordan Thomas,ugregory@yahoo.com,2007-05-07,Male,7734524784,"36793 Smith Ranch Apt. 755, Janetland, AK 49309",Hindu,MBC,Non-Minority,Day Scholar,Management,Domestic,B.E,Artificial Intelligence,2024,C,A+,C,B+,O,C,A,B+
James Lane,james83@bennett.com,2000-07-16,Male,1442799126,"54205 Schmitt Glens, Lake Jill, AZ 38392",Jain,ST,Non-Minority,Hosteller,7.5 Reservation,Domestic,B.Tech,Fashion Technology,2024,C,B,O,A,,B,A,A
Lisa Thomas PhD,robertmueller@smith.com,2005-10-08,Female,2769679278,"PSC 2331, Box 1637, APO AA 05091",Jain,MBC,Minority,Day Scholar,Government,Domestic,B.E,Mechanical Engineering,2022,A,A+,A+,B,B+,A+,,B+
Mrs. Melissa Keller DDS,jaredwalls@yahoo.com,2000-01-14,Female,5277935041,"1771 Katie Lodge Apt. 435, New Katieburgh, AK 10610",Jain,MBC,Non-Minority,Hosteller,Management,Domestic,B.E,Computer Science,2022,A+,A+,,A,B+,C,,O
Sarah Martin,cynthiavega@garner-cameron.com,2000-08-11,Male,1838389401,"0812 Michael Forge, Josephland, NC 24414",Hindu,OBC,Non-Minority,Hosteller,Government,International,B.Tech,Fashion Technology,2024,C,,A+,B,B+,,B+,A
David Allen,randall23@edwards.org,2001-01-19,Male,6069498569,"94094 Vaughan Villages Suite 774, Justinside, VA 19852",Muslim,ST,Non-Minority,Hosteller,Government,International,B.Tech,Computer Science,2021,O,,,B,O,C,B+,C
Dennis Duffy,hannah99@yahoo.com,2002-06-23,Female,5352300336,"PSC 4565, Box 7868, APO AA 62900",Muslim,ST,Minority,Day Scholar,Management,Domestic,B.Tech,Food Technology,2023,C,,B,B,A+,C,C,A+
Sheri Rodriguez,vrussell@allen.com,2006-02-20,Female,9768070856,"2572 Reynolds Summit Suite 198, Kevinton, NC 79744",Christian,ST,Minority,Hosteller,Management,Domestic,B.Tech,AIML,2022,O,O,O,A,O,C,A,B+
Stephanie Long,david11@anderson-david.com,2001-11-05,Male,5930999743,"117 David Unions, Carterhaven, MD 35108",Christian,MBC,Minority,Day Scholar,Government,International,B.Tech,Information Science and Engineering,2021,B,A+,A+,A+,A+,B,B+,
Steven Lopez,lutzlauren@carroll.net,2000-01-29,Male,9967351729,"Unit 7917 Box 0746, DPO AA 41502",Christian,MBC,Non-Minority,Hosteller,Management,International,B.E,Food Technology,2020,C,,O,C,A+,B+,B,A+
James Howard,fjones@mccormick.org,1999-09-18,Male,6312890141,"8390 Ramirez Port Suite 285, Erikafurt, OK 58825",Christian,ST,Minority,Hosteller,7.5 Reservation,International,B.E,Artificial Intelligence,2023,A,C,B+,O,C,B+,B+,
Chelsea Rodriguez,anthonyhale@young-thomas.com,2004-11-29,Female,9170465029,"421 Michael Manors Suite 712, Manninghaven, NY 28691",Muslim,MBC,Minority,Hosteller,Management,Domestic,B.E,Food Technology,2022,,A+,A+,A,O,,O,O
Kelli Phillips,frederick47@morrison.info,2004-10-04,Male,0893443171,"380 Howell Wall Suite 265, West Jennifer, CA 46399",Muslim,BC,Minority,Hosteller,7.5 Reservation,International,B.E,Biotechnology,2020,O,,B+,O,A,,B+,B+
Kathleen Miller,christophermendoza@johnson.com,2006-03-14,Male,3978398161,"Unit 4734 Box 7999, DPO AP 52789",Hindu,ST,Minority,Hosteller,Management,Domestic,B.E,Mechanical Engineering,2020,A,A,,A,C,A,,A
Scott Burns,ricky71@green.com,2004-02-24,Male,9698107790,"22418 Bennett Pass Apt. 359, Cherylfurt, PA 95792",Christian,OBC,Minority,Hosteller,Management,Domestic,B.Tech,Computer Science,2023,B+,,O,,,,O,B
James Norris,charles89@johnson.com,2007-09-09,Female,3404416939,"Unit 8280 Box 3148, DPO AP 74476",Hindu,BC,Minority,Day Scholar,Government,Domestic,B.Tech,Information Science and Engineering,2023,,O,O,A,B,B,C,B+
Adam Aguilar,nicholas61@king.info,2000-05-13,Female,1064042477,"962 Todd Fall, Lisastad, AR 12098",Jain,ST,Minority,Day Scholar,Management,International,B.E,Information Science and Engineering,2020,A+,,C,C,,A,O,B
Christopher Mack,amy97@scott-mendez.com,2007-09-15,Male,0568167347,"0873 Martinez Mountains, Ninaside, ID 97163",Muslim,ST,Non-Minority,Day Scholar,7.5 Reservation,International,B.E,Computer Science,2023,A+,,A+,A,B,B+,B+,O
Steven Cook,lreyes@yahoo.com,2007-06-18,Female,5666620074,"708 Lee Groves, East Ashley, OK 76874",Hindu,OBC,Non-Minority,Hosteller,Sports,International,B.Tech,Mechanical Engineering,2022,C,O,B+,,C,,C,
Paul Hamilton,mhansen@yahoo.com,2002-02-10,Female,7051530853,"956 Kim Curve Suite 321, New Andrewview, AR 88427",Hindu,MBC,Minority,Hosteller,Management,International,B.E,Mechanical Engineering,2021,A,,A+,A,A+,A+,,
Mark Gilbert,wgarcia@hamilton.com,2006-12-10,Male,4469609939,"392 Karen Streets Apt. 743, Port Jeffreytown, CT 97449",Sikh,BC,Minority,Hosteller,7.5 Reservation,Domestic,B.Tech,Information Science and Engineering,2021,A+,A,A+,B+,O,A,,O
Lauren Wagner,emendez@williams.com,2006-02-24,Male,1493636370,"518 Steven Roads Suite 841, Tinaview, FL 61007",Christian,BC,Minority,Day Scholar,7.5 Reservation,International,B.E,Mechanical Engineering,2024,,B,,O,C,B,O,B
Jennifer Lucas,tgonzalez@gmail.com,2003-03-26,Female,7814158839,"71319 Rowland Groves, North Raymondchester, FL 54883",Jain,BC,Minority,Hosteller,Management,International,B.Tech,Biotechnology,2023,,B+,A,A+,A,O,B+,B
Justin Chang,marymason@anderson.com,2004-12-06,Male,4825265180,"5124 Moody Passage Suite 373, Dianaland, NH 76902",Muslim,SC,Minority,Day Scholar,Management,Domestic,B.E,Artificial Intelligence,2023,A,O,A,,,A,C,B
Cheryl Tucker,danielleramirez@hotmail.com,2006-08-29,Female,7083012415,"671 Jennifer Brook, East Elaine, MS 88717",Sikh,MBC,Non-Minority,Day Scholar,Management,International,B.Tech,Computer Science,2022,C,B,B,C,B,,O,O
David Bass,smithmonica@gmail.com,2003-06-14,Male,5189288314,"0952 Michael Forks Apt. 924, Port Patricia, RI 98484",Jain,OBC,Non-Minority,Hosteller,7.5 Reservation,Domestic,B.Tech,Food Technology,2023,,B+,O,C,C,B+,C,
Natalie Garcia,bennettdennis@yahoo.com,2001-03-20,Female,7526906074,"741 Matthew Route, South Ernestberg, TN 53477",Christian,ST,Minority,Day Scholar,Government,Domestic,B.Tech,Food Technology,2021,C,A+,,O,,A+,C,B+
Samantha Gordon,nmayer@smith.com,1999-09-11,Male,6167013766,"32941 Jennifer Mission Suite 920, New Rickyshire, VA 84102",Muslim,BC,Minority,Day Scholar,Management,Domestic,B.Tech,Information Technology,2024,A,O,A,O,C,A+,B+,O
Brian Murphy,grahampreston@gmail.com,2002-03-16,Male,6218704176,"6580 Green Vista Apt. 108, Leonfurt, MS 33354",Hindu,ST,Non-Minority,Day Scholar,Government,Domestic,B.Tech,AIML,2024,B,B+,,B+,,A,B,O
Amy Payne,qwilliams@brock-burke.info,2003-09-22,Male,4681383218,"21699 Jacob Way, Port Dianeburgh, NC 96194",Hindu,MBC,Non-Minority,Day Scholar,Management,International,B.E,Information Science and Engineering,2021,B+,A,,A+,A+,,A+,B
Alexandra Palmer,emilyalvarez@gmail.com,2000-06-17,Male,4887672696,"066 Harold Station Suite 103, New William, CO 10820",Hindu,OBC,Minority,Hosteller,Management,Domestic,B.Tech,AIML,2023,O,B,A+,,A+,A+,C,O
John Dawson,eddie20@hoffman-jackson.com,2006-02-05,Male,2209750716,"009 Wilson Row, Emilyfort, MT 36009",Muslim,ST,Minority,Hosteller,7.5 Reservation,Domestic,B.Tech,Computer Science,2021,O,A+,B+,,A,,B+,A
Kevin Gilbert,kevin74@hotmail.com,2000-10-22,Female,4477975055,"232 Moreno Ferry Suite 184, Aprilmouth, CA 69735",Sikh,ST,Minority,Day Scholar,7.5 Reservation,International,B.E,Information Technology,2022,O,A,,A+,A+,B+,A+,A+
Laura Mayo,youngjanet@lester.com,2000-04-28,Female,1262757688,"344 Matthew Neck, East Elizabethport, CO 79777",Muslim,ST,Non-Minority,Hosteller,Government,International,B.Tech,Information Science and Engineering,2020,A+,A,C,B+,,A+,B,A+
Jessica Cantu,valeriebaldwin@hotmail.com,2006-11-26,Female,1933430350,"628 Whitney Passage, Navarroview, DE 00770",Hindu,ST,Minority,Hosteller,Sports,Domestic,B.Tech,Information Science and Engineering,2020,A,O,,A,A+,,O,A+
Jackie Richardson,martinhector@hotmail.com,2007-06-05,Male,3600357642,"PSC 2791, Box 5877, APO AP 25942",Hindu,ST,Non-Minority,Hosteller,Sports,Domestic,B.Tech,Artificial Intelligence,2024,B,C,B+,O,,O,O,
Jake Navarro,carrie74@gmail.com,2008-02-03,Male,2075535952,"1082 Clements Hill, North Tonyabury, CT 13490",Sikh,ST,Non-Minority,Day Scholar,7.5 Reservation,Domestic,B.Tech,Electrical Engineering,2022,A+,B+,A+,B+,,B,,A+
Emily Brock,mccoylauren@carter-mckay.info,2006-12-24,Female,1300610919,"9701 James Spurs Apt. 937, West Elizabeth, NH 25426",Sikh,MBC,Minority,Hosteller,7.5 Reservation,International,B.Tech,Electrical Engineering,2024,,,B,B+,A,A+,B,C
Rebecca Khan,sherrymorales@smith.net,2001-03-09,Male,0308826315,"16922 Kelly Union, Lake Anthonyton, AK 12741",Jain,BC,Non-Minority,Day Scholar,Government,Domestic,B.E,Food Technology,2022,,O,C,O,,B+,B+,
Erica Warren,chelsey62@gmail.com,2008-02-01,Male,8907311138,"5868 Cody Key, West Lori, WA 22365",Hindu,BC,Non-Minority,Hosteller,Government,International,B.Tech,Electrical Engineering,2024,O,A+,,O,B,B+,,
Kenneth Schultz,donald17@gmail.com,1999-07-16,Male,2698158508,"PSC 0715, Box 6898, APO AP 47137",Hindu,ST,Non-Minority,Day Scholar,Government,Domestic,B.E,Artificial Intelligence,2020,O,O,A,C,A,C,O,B
Lori Santos,vincent97@hotmail.com,2003-09-16,Male,0258988828,"928 Smith Rue Suite 349, Tannerville, MO 63393",Jain,BC,Minority,Hosteller,Government,Domestic,B.E,Artificial Intelligence,2023,B+,A+,A,B,,A,C,A+
Laurie Monroe,lnolan@arnold-robinson.com,2004-05-29,Female,6562779208,"6480 Barton Throughway Suite 317, North Emilyville, OR 75600",Christian,OBC,Minority,Day Scholar,7.5 Reservation,International,B.E,Food Technology,2024,O,O,A+,B+,A+,A,,B+
James Barry,sheila48@hotmail.com,2005-01-02,Female,1807809406,"PSC 2628, Box 8776, APO AP 50147",Hindu,MBC,Non-Minority,Day Scholar,7.5 Reservation,International,B.Tech,Computer Science,2022,,A+,A+,B,,C,B+,B+
Jamie George,austinmorgan@irwin.com,2006-06-18,Female,8624460172,"7007 Lawson Lights, Stevenston, IA 83809",Jain,BC,Minority,Hosteller,Management,International,B.E,AIML,2024,,A,,A,A,O,A,C
Lydia Cox,johnsoncharlene@simpson.biz,2006-04-27,Female,5340204875,"PSC 1653, Box 9675, APO AA 29286",Hindu,BC,Minority,Day Scholar,7.5 Reservation,Domestic,B.Tech,Mechanical Engineering,2024,B,C,B+,A+,A,A,A+,
Jaime Martinez,torresdavid@hotmail.com,2002-03-12,Female,6445027407,"777 Thomas Loaf Suite 691, Marymouth, CA 45975",Christian,ST,Minority,Hosteller,7.5 Reservation,International,B.E,Information Technology,2023,B,B,,A,A,A,A,B+
Richard Dorsey,vmarshall@yahoo.com,2007-04-28,Female,7821139555,"7136 Boyd Rapids Suite 400, New Margaret, OH 37539",Sikh,BC,Non-Minority,Hosteller,Government,Domestic,B.E,Food Technology,2024,A+,B,A,B+,B,A,A+,B+
Ryan Fernandez,mackdavid@gmail.com,2006-03-16,Male,6962973037,"USCGC Bell, FPO AP 40680",Hindu,ST,Minority,Day Scholar,Management,International,B.Tech,Information Technology,2024,A+,B,B,,B+,C,A+,A
William Collins,marquezrobert@vega-callahan.com,2005-02-01,Female,8696259693,"915 Jeffrey Path Apt. 681, Watersville, ME 71860",Christian,BC,Minority,Hosteller,7.5 Reservation,Domestic,B.E,AIML,2020,,B+,,A,C,B,B,
Ashley Roberts,buchananlori@pierce.com,2003-04-22,Female,8659168455,"76051 James Manors, Josephborough, KY 97237",Christian,OBC,Non-Minority,Hosteller,Government,International,B.E,Information Science and Engineering,2020,A,O,A,,C,O,B+,O
Lisa Ortiz,ldavis@davis.com,2003-02-15,Male,1557307802,"484 Steven Estate Apt. 065, Nicholashaven, RI 69702",Christian,MBC,Non-Minority,Hosteller,Government,International,B.E,Biotechnology,2023,A,A+,C,C,C,A,A+,B+
Justin Pope,saracampbell@jimenez.com,2006-06-23,Male,5290581287,"75007 Anthony Causeway Apt. 792, Hubbardchester, TX 82721",Christian,MBC,Minority,Day Scholar,Sports,Domestic,B.E,Biotechnology,2024,A+,B+,A+,A,O,B+,O,
Roberto Bonilla,achavez@hotmail.com,2005-03-04,Female,0663195649,"48677 Scott Port, Lindsayburgh, LA 24945",Sikh,BC,Minority,Day Scholar,Sports,Domestic,B.Tech,Computer Science,2023,,,O,B,O,O,A,B+
Ashley Li,howardwilliam@mercado-smith.info,2008-01-06,Male,5868068219,"63124 Paul Stream Suite 169, New Sean, DE 64937",Jain,MBC,Minority,Day Scholar,Management,Domestic,B.E,Biotechnology,2020,O,B,C,A+,O,B+,,O
Kathleen Smith,christiansullivan@yahoo.com,2002-07-20,Female,0624299937,"Unit 6682 Box 3019, DPO AA 33905",Muslim,SC,Non-Minority,Hosteller,Sports,Domestic,B.E,AIML,2022,O,A+,O,C,,A+,,A+
Julie Turner,dillon11@davila.com,2002-06-04,Female,7416452236,"04447 Carter Walks Suite 748, Port James, HI 88487",Hindu,ST,Non-Minority,Day Scholar,Government,International,B.E,Food Technology,2023,B+,O,A,B+,B,B+,,B+
Jesus Watson,rmoreno@lewis.com,2000-01-29,Male,7447639442,"62730 Williams Road, Daviesfurt, AK 05804",Hindu,BC,Minority,Day Scholar,Management,International,B.Tech,Computer Science,2021,O,C,C,A+,O,,B,A
Renee Taylor,steven07@yahoo.com,2006-08-25,Male,7836276857,"89794 Washington Trafficway, Lake Derrick, WA 57559",Jain,BC,Non-Minority,Day Scholar,7.5 Reservation,Domestic,B.Tech,Mechanical Engineering,2024,C,,B+,C,,B,B+,B+
Jennifer Burnett,angela04@bailey.com,2007-07-01,Female,8228533345,"14714 Hernandez Mountains Apt. 769, East Robert, NJ 40346",Hindu,BC,Minority,Hosteller,7.5 Reservation,International,B.E,Food Technology,2022,B+,O,B,B,,C,A+,B
Brian Benson MD,ashley52@gmail.com,2006-02-08,Female,4829441366,"USNS Austin, FPO AE 98541",Jain,MBC,Non-Minority,Day Scholar,7.5 Reservation,International,B.E,Mechanical Engineering,2020,C,B+,O,C,C,C,,A+
Robert Rogers,sandovalmichael@hotmail.com,2004-08-29,Female,5845713290,"75802 Hernandez Square, Amandaville, WV 33260",Christian,BC,Minority,Day Scholar,Sports,Domestic,B.Tech,Information Science and Engineering,2022,,C,C,B+,A+,C,C,
Sara Keller,michael04@henderson.com,2006-12-26,Male,9064852356,"3205 Alice Ramp Suite 328, Monicashire, DC 91612",Sikh,ST,Non-Minority,Hosteller,Government,International,B.Tech,Computer Science,2023,B,B,C,B+,O,O,A+,A
William Russell II,rodgersedward@johnson.info,1999-11-27,Female,9504762040,"7332 Ward Pine Suite 602, South Brenda, ME 63425",Muslim,SC,Non-Minority,Day Scholar,Management,Domestic,B.Tech,Biotechnology,2023,B+,C,B+,A,B,O,C,
Steven Henry,nataliehansen@daniel.info,2001-02-04,Male,3160763264,"714 Jackson Ranch Apt. 945, Port Marieside, FL 27346",Sikh,SC,Non-Minority,Hosteller,Government,Domestic,B.Tech,Mechanical Engineering,2020,A+,B+,C,A+,C,A+,C,B
Jennifer Rios,linda25@yahoo.com,2004-11-01,Female,4647574217,"048 Palmer Dam Suite 509, Oscarstad, MT 74601",Christian,SC,Non-Minority,Day Scholar,7.5 Reservation,International,B.Tech,Food Technology,2021,,B,A+,O,A+,B,A+,C
Dalton Hebert,gwilson@hotmail.com,2003-01-21,Male,0525374175,"11127 Torres Alley Apt. 860, Wiseton, WY 80322",Jain,MBC,Non-Minority,Hosteller,7.5 Reservation,Domestic,B.E,Information Science and Engineering,2024,A+,A+,B,B,B,A,B+,B
Austin Levy,michael06@lane-wells.com,1999-07-09,Male,1299713590,"9034 Daniels Valley Suite 907, Lake Rogerton, MT 01447",Muslim,ST,Minority,Hosteller,Government,Domestic,B.Tech,Information Science and Engineering,2023,C,B+,,B,C,,B,O
Martin Garcia,jason09@gray-thomas.com,2006-07-10,Female,9104133074,"09926 Griffith Mall Suite 451, Coxberg, CT 09172",Muslim,ST,Minority,Hosteller,7.5 Reservation,Domestic,B.E,Food Technology,2022,O,A,A,B,B,O,B,A
Paul Hines,karlamassey@gmail.com,2001-06-16,Male,6331558983,"7142 Peterson Lodge, Jacobhaven, NJ 73553",Christian,SC,Minority,Hosteller,7.5 Reservation,International,B.E,Biotechnology,2020,A,,A+,O,A,B,O,A
Rachel Ortega,lroberts@hotmail.com,2007-02-04,Male,1035250286,"78281 Lewis Locks, North Margaret, RI 31382",Hindu,OBC,Minority,Hosteller,Management,International,B.Tech,Mechanical Engineering,2022,A,A+,A+,A,,B,O,C
Laura Rocha,riverajason@smith.com,2007-03-06,Male,9902027091,"76578 Sandra Light, Campbellberg, MS 26226",Christian,BC,Non-Minority,Day Scholar,Management,Domestic,B.Tech,Food Technology,2022,A,O,,B+,,C,B,A+
Javier Smith,jeffersondavid@hotmail.com,2007-11-22,Female,5721240536,"81676 Bianca Common, Sydneymouth, TX 80779",Christian,BC,Minority,Day Scholar,Government,International,B.Tech,Artificial Intelligence,2020,,,,O,O,A+,O,A+
Scott Mccormick,ocarey@baker.com,2002-08-18,Male,8803398447,"453 Joshua Cape, East Matthew, WI 78462",Jain,BC,Non-Minority,Day Scholar,Management,Domestic,B.E,Fashion Technology,2020,,,B,B,O,O,C,B
Julie Jordan,joshuaedwards@murray.com,2005-08-13,Female,6202843067,"88874 Carlos Summit Apt. 170, Lake Ryan, VT 70870",Christian,MBC,Minority,Day Scholar,Sports,Domestic,B.E,Electrical Engineering,2020,B,B+,C,C,A+,C,,B+
Danielle Taylor,jenniferharris@gmail.com,2002-04-07,Male,1513317169,"5925 Kennedy Way Suite 528, Debraville, TN 20355",Sikh,OBC,Minority,Day Scholar,Management,International,B.E,Information Technology,2023,C,A+,A+,A,C,A+,A+,C
Christopher Flores,danielle00@coleman-banks.com,2003-11-04,Female,5570933643,"233 Frye Parkway Suite 098, Lake Angela, MS 33820",Hindu,OBC,Minority,Day Scholar,Sports,Domestic,B.E,AIML,2020,C,O,O,,B+,B+,O,C
Joshua Ford,matthewwilliams@benitez-burton.com,2004-06-16,Male,1724373023,"872 Troy Ridges Suite 176, Rodneyville, NH 01097",Muslim,ST,Minority,Hosteller,Management,International,B.Tech,Fashion Technology,2023,A,B,B,O,,,A,O
Julie Castillo,mooreadam@brown.info,1999-10-02,Female,4429807707,"915 Heather Ferry Apt. 296, South Robertfurt, CO 40209",Jain,BC,Non-Minority,Day Scholar,Sports,Domestic,B.E,Information Technology,2024,C,A,A+,B+,,C,C,
Sierra Robbins,stacielewis@gmail.com,2005-12-15,Female,9168902133,"06783 Lopez Lock Suite 083, Rodriguezside, OR 33814",Hindu,ST,Minority,Hosteller,Government,Domestic,B.Tech,Computer Science,2021,B,B,B,C,O,B,C,C
Lawrence Adams,joseph39@hotmail.com,2001-04-24,Female,8268702617,"8971 Lane Mission Suite 557, East Rebecca, VT 06846",Christian,OBC,Non-Minority,Day Scholar,Sports,International,B.E,Information Science and Engineering,2023,B+,,B+,C,,O,A+,C
Kristie Coleman,julie14@elliott-flores.net,2003-05-20,Female,5727663386,"PSC 8119, Box 6704, APO AP 22997",Christian,BC,Non-Minority,Hosteller,Management,International,B.Tech,Food Technology,2020,,A,C,A,O,,,A+
Andre Wise,andrewbenton@smith-curry.com,2003-05-18,Female,3443042127,"091 Barker Vista, Prattbury, MO 99821",Hindu,MBC,Minority,Hosteller,Management,International,B.Tech,Biotechnology,2023,A+,B+,B+,O,,A+,A,B
Barry Jones,rebeccathomas@gmail.com,2003-04-06,Male,7612329104,"3095 Ethan Rapid Apt. 173, Christopherborough, KY 82922",Muslim,BC,Non-Minority,Day Scholar,Government,Domestic,B.Tech,Mechanical Engineering,2021,,,A+,B+,A,O,C,
Brandon Williams,obaker@gray.com,2006-02-13,Female,5251369448,"10671 Richardson Shoals, North Alexandraport, IN 94267",Sikh,SC,Minority,Hosteller,Management,Domestic,B.E,Information Science and Engineering,2024,A,A,B,C,B,B+,B+,A+
Sarah Moore,william14@yahoo.com,2005-05-13,Female,6892899731,"558 Robert Spur, Shahberg, OR 08815",Hindu,SC,Minority,Day Scholar,7.5 Reservation,International,B.Tech,Artificial Intelligence,2022,,C,,O,B,,B+,
Joanna Grimes,erodriguez@miranda.com,2003-01-30,Female,6635147367,"PSC 8253, Box 0958, APO AE 35469",Hindu,BC,Non-Minority,Hosteller,Government,International,B.E,Information Technology,2024,A,C,O,,,O,,
Amy Freeman MD,warnerlori@hotmail.com,2000-08-08,Female,1332327301,"40901 Whitaker Plain, Lake Barbara, NV 85573",Jain,SC,Minority,Hosteller,7.5 Reservation,International,B.E,Artificial Intelligence,2024,O,B,O,B+,A+,O,A+,A+
Austin Hernandez,courtneygrimes@ritter.com,2000-03-02,Female,0354293152,"19064 Rowland Mill Suite 874, New Monica, NV 11307",Sikh,OBC,Minority,Day Scholar,Management,International,B.E,Information Technology,2022,B+,A+,B,A,B,A+,C,A
Jeremy Wade,jmoore@patterson-tran.org,2005-01-31,Male,0695887688,"44099 Angela Centers Suite 880, Bowenview, MA 41611",Sikh,OBC,Minority,Day Scholar,Management,Domestic,B.E,Electrical Engineering,2021,C,B,A+,,O,B,,O
Haley Brewer,angela82@hotmail.com,2000-01-07,Male,1817426272,"108 Daugherty Manor, New Margaret, IL 08857",Christian,ST,Minority,Day Scholar,Sports,Domestic,B.E,Artificial Intelligence,2024,A+,,B,C,A,C,B,B+
Jacob Hopkins,karen35@gmail.com,2000-03-27,Male,8443065518,"043 Hayden Plain Suite 381, Timothyberg, MO 25157",Hindu,MBC,Non-Minority,Hosteller,Management,International,B.E,Food Technology,2024,O,O,,O,C,A+,B+,C
Alyssa Martin,josemiller@ortega.com,2007-11-24,Male,7475649004,"239 Donna Forks Suite 235, Beckyside, RI 07543",Christian,SC,Minority,Day Scholar,7.5 Reservation,International,B.Tech,Electrical Engineering,2023,O,O,A+,A+,A+,B,A,O
David Williams,tnixon@weaver-gordon.net,2006-06-27,Female,5690822102,"25269 Pena Points Suite 708, Saundersborough, MD 37949",Jain,BC,Non-Minority,Day Scholar,Management,International,B.Tech,Biotechnology,2024,C,A+,C,A+,B,C,C,A+
Mrs. Megan Williams,amymiller@gmail.com,2003-08-10,Female,1993042695,"6948 Deborah Crossing Apt. 849, Webbberg, CO 88169",Hindu,OBC,Minority,Day Scholar,Sports,Domestic,B.Tech,AIML,2020,A+,A+,A+,A,C,A+,O,B+
Alexander Brown,olivia10@taylor.info,2001-01-05,Female,7371113515,"9652 Bishop Mountains, West Aaron, WY 20900",Muslim,SC,Minority,Hosteller,Sports,International,B.Tech,Electrical Engineering,2020,A,A,O,B+,,A,C,O
Roger Howell,samantha11@gmail.com,2007-11-20,Male,7467312844,"24391 Harris Plains Suite 900, South Charlesland, UT 35948",Christian,BC,Minority,Day Scholar,Sports,International,B.E,Fashion Technology,2023,A,B+,B,O,A,C,B+,A+
Kelly Howard,jessespence@hotmail.com,2001-10-29,Female,4757627055,"99854 Tammy Crossroad Suite 574, Leeton, DC 52097",Muslim,MBC,Non-Minority,Day Scholar,Management,Domestic,B.E,Electrical Engineering,2020,B+,O,O,,A+,A,A+,B
Taylor Cruz,ericajohnson@gmail.com,2003-11-18,Male,9074748147,"6891 Garner Isle Apt. 738, Port Scottview, NC 51820",Hindu,BC,Minority,Hosteller,7.5 Reservation,International,B.Tech,Information Technology,2023,B+,,O,A+,B,B,,O
Edgar Freeman,zbecker@yahoo.com,2000-10-22,Female,2571275650,"43231 Haynes Point Apt. 001, Jamesland, ID 32211",Jain,ST,Non-Minority,Hosteller,7.5 Reservation,International,B.E,Electrical Engineering,2021,A+,B,,O,A+,B+,O,A
Michael Ellis,wbarrett@yahoo.com,2007-11-26,Male,9384303435,"91892 Cheryl Vista, East Teresashire, WY 37568",Hindu,SC,Minority,Hosteller,Government,International,B.Tech,Food Technology,2024,C,,A+,B+,A,C,B+,A+
Timothy Baker,lopezfernando@yahoo.com,2007-12-18,Female,9495655104,"31118 Turner Brooks, South Ryan, NC 52548",Muslim,ST,Minority,Hosteller,Management,Domestic,B.Tech,Mechanical Engineering,2024,A+,A+,A,B+,A,,A,C
Denise Sims,sarah32@flores.com,2002-03-20,Male,5742826442,"31143 Jordan Freeway, Autumnton, NE 17060",Sikh,ST,Non-Minority,Day Scholar,7.5 Reservation,International,B.E,Electrical Engineering,2021,,B,O,A+,B+,C,A+,C
Christopher Smith,ubrock@hotmail.com,2003-11-05,Female,3187162564,"5703 Morton Lock Apt. 689, Andrewmouth, PA 39190",Jain,MBC,Minority,Day Scholar,7.5 Reservation,Domestic,B.Tech,Electrical Engineering,2022,C,A+,C,B,A,O,A,O
Lisa Richards,shawpaul@lee.com,2003-02-19,Male,5604980488,"Unit 2750 Box 8496, DPO AE 43757",Muslim,MBC,Minority,Day Scholar,7.5 Reservation,Domestic,B.Tech,Fashion Technology,2024,A+,A+,O,B+,C,O,A+,O
William Wood,janet63@andrews-rasmussen.org,2004-05-13,Male,3579433825,"Unit 6544 Box 4098, DPO AA 77216",Muslim,BC,Minority,Day Scholar,7.5 Reservation,International,B.E,Biotechnology,2021,B+,B,A+,,A+,,B,
Audrey Chan,evansbeth@jones-weiss.com,2003-05-03,Male,5321277703,"PSC 2005, Box 9743, APO AA 50784",Christian,SC,Non-Minority,Hosteller,7.5 Reservation,Domestic,B.Tech,Mechanical Engineering,2020,C,C,,C,O,O,O,C
Philip Lara,kellysmith@colon.com,2003-07-07,Female,9905076833,"8454 Hammond Spur, Bellside, UT 26571",Hindu,SC,Minority,Hosteller,Government,International,B.E,Artificial Intelligence,2024,O,C,A,A+,O,A+,O,O
Shelby Sherman,ramirezamanda@ali.com,2001-02-05,Female,7335955718,"1940 Jacqueline Estate, East Victor, MN 60575",Sikh,OBC,Minority,Day Scholar,Management,Domestic,B.E,Fashion Technology,2023,A+,B+,,A,,O,B+,A+
Kim Howell,carlosshort@smith.com,2004-08-20,Female,2477176463,"67853 Wilkerson Parkway Apt. 575, Lake Oscarton, HI 78058",Muslim,MBC,Minority,Hosteller,Government,International,B.Tech,Information Technology,2020,B+,,C,B+,O,A,A+,C
Amy Francis,crawforddarren@yahoo.com,2004-01-15,Male,8878491366,"USNV Mckinney, FPO AP 05358",Sikh,SC,Minority,Hosteller,7.5 Reservation,Domestic,B.Tech,Fashion Technology,2024,A+,B+,,B+,B+,,,A+
Alexandra Yoder,katherinemiller@yahoo.com,2003-07-01,Female,3852580941,"242 Valencia Falls, Bakerfort, OH 79333",Christian,BC,Minority,Day Scholar,Government,International,B.Tech,Biotechnology,2021,C,A+,,O,B+,A,C,B+
Stephanie Barnes,russellveronica@hotmail.com,2001-11-07,Female,0098511819,"7085 Melvin Ferry, North Emilybury, DE 93381",Jain,BC,Minority,Hosteller,Sports,Domestic,B.E,Information Science and Engineering,2022,A,A,O,,C,,B+,
Richard Allen,roberthowell@hotmail.com,2004-10-07,Female,5843771980,"18237 Wallace Spurs, Ginafort, CA 73451",Muslim,OBC,Minority,Day Scholar,Sports,Domestic,B.Tech,Information Technology,2023,O,C,,,A+,A+,A,A
Greg Bell,josephschneider@mcdowell-andrews.com,2005-06-21,Male,4293526379,"7554 Richmond Harbors Suite 457, Sheltonhaven, ME 01868",Jain,ST,Non-Minority,Hosteller,7.5 Reservation,International,B.E,Food Technology,2021,O,B,,,A,B,B+,B
Rebecca Wilson,sarah33@hotmail.com,1999-06-16,Male,6254611122,"5006 Jennings Oval, Brownville, MD 39851",Muslim,BC,Non-Minority,Hosteller,7.5 Reservation,International,B.E,Electrical Engineering,2021,,O,A+,B,A+,,B+,O
Jessica Scott,erinwilliams@yahoo.com,2007-06-08,Female,4274822082,"31836 Leslie Turnpike Suite 072, Markborough, WI 81970",Jain,OBC,Minority,Day Scholar,7.5 Reservation,International,B.Tech,Artificial Intelligence,2023,C,B,,C,B,O,A+,C
Michael Dixon,xowen@martinez.com,2002-05-31,Male,5878012757,"66927 Michael Route, Nicholashaven, MT 51663",Hindu,SC,Non-Minority,Hosteller,Management,Domestic,B.E,Computer Science,2023,O,A+,A,A,B+,B,A+,O
Megan Gonzalez,brian85@johnson.info,2002-03-18,Female,3926677719,"1250 York Junction Suite 990, New Tracyside, ND 86966",Muslim,BC,Non-Minority,Hosteller,Sports,International,B.Tech,Information Science and Engineering,2024,C,A,B+,B+,O,C,C,B+
Ronald Green,peggy42@richardson-hickman.com,2004-05-31,Male,5751263233,"9445 Jason Loop Suite 349, West Rachelstad, IA 09644",Sikh,SC,Non-Minority,Hosteller,Management,International,B.Tech,Electrical Engineering,2023,,A,C,A+,A+,A+,,O
Kelsey Estrada,alexis84@yahoo.com,2000-03-06,Female,7143166769,"8259 Bird Overpass Suite 807, East Raymondton, SD 64585",Muslim,OBC,Minority,Day Scholar,7.5 Reservation,Domestic,B.Tech,AIML,2024,,B+,B,,,O,A,B
Richard Coffey,mike98@gmail.com,2004-11-27,Male,6185561983,"986 Kevin Crescent, New Ericland, GA 56963",Muslim,OBC,Non-Minority,Hosteller,Sports,International,B.Tech,Computer Science,2022,C,A+,C,,B,,,O
Annette Mccarty,christinamalone@townsend.com,2006-02-10,Female,1837069508,"153 Cheryl Stravenue Suite 009, Harrisside, GA 20336",Hindu,SC,Non-Minority,Day Scholar,7.5 Reservation,Domestic,B.Tech,Information Technology,2022,A,C,A,A,A,B,O,A+
David Savage,shawcolleen@hotmail.com,2005-01-15,Male,8737933789,"76219 Michael Lakes, New Chadland, NM 49597",Sikh,ST,Non-Minority,Day Scholar,Management,International,B.E,Information Technology,2024,A,A+,O,B+,O,B,B,C
Matthew Foster,anthonysilva@weaver-scott.biz,2001-01-09,Female,3388853406,"968 Courtney Square Suite 415, Valerieberg, CT 56868",Christian,BC,Minority,Day Scholar,Government,International,B.E,Electrical Engineering,2023,C,A,B+,,C,,B+,O
John Gonzales,aaronbass@hotmail.com,2003-07-03,Male,5941094457,"62572 Mullins Ports, Ashleechester, MS 18766",Christian,OBC,Minority,Hosteller,Government,Domestic,B.Tech,Mechanical Engineering,2024,,A+,,A,,B,O,
Jessica Hoffman,schultzmonica@hotmail.com,2007-08-27,Male,9142627931,"85359 Hull Port, Lake Shannontown, VT 29929",Christian,OBC,Non-Minority,Hosteller,Sports,Domestic,B.E,Computer Science,2022,C,C,C,,B+,,O,B+
Robert Conley,bmay@gmail.com,2005-02-11,Female,3752367854,"332 Danielle Viaduct Apt. 634, Ericmouth, WV 82227",Muslim,BC,Non-Minority,Hosteller,7.5 Reservation,Domestic,B.Tech,AIML,2021,C,A,A,B+,B,,B,A+
Thomas Sweeney,djones@booker.com,2002-03-26,Male,5932280214,"219 Thompson Viaduct Apt. 994, South Sara, UT 07521",Jain,OBC,Minority,Hosteller,Management,International,B.Tech,Fashion Technology,2023,A,B,A+,B,B+,C,O,O
Kelly Morales,jennifer65@yahoo.com,2003-08-07,Female,8309595803,"29338 Nunez Course, South Cesar, IA 70096",Muslim,ST,Non-Minority,Day Scholar,7.5 Reservation,International,B.Tech,Biotechnology,2021,A+,C,B,,B,O,O,C
Richard Moore,droberts@hotmail.com,2007-07-10,Male,6849951659,"PSC 6822, Box 3054, APO AP 54449",Jain,ST,Minority,Day Scholar,7.5 Reservation,International,B.E,Mechanical Engineering,2022,C,B,A,,B+,C,A+,
Amber Mccormick,robinsonholly@schmitt.info,2002-06-15,Female,2871313480,"PSC 2349, Box 5619, APO AE 61418",Muslim,BC,Non-Minority,Hosteller,Sports,Domestic,B.Tech,Computer Science,2021,B,B,A+,O,A+,,A,C
Henry Wagner,travis21@gmail.com,2004-10-27,Male,7489328116,"2652 Ryan Fields Suite 933, New Amanda, UT 83559",Jain,ST,Minority,Day Scholar,7.5 Reservation,Domestic,B.Tech,Electrical Engineering,2020,A+,,B,,O,A,C,B
Edward Jones,oshaw@hotmail.com,2001-05-18,Female,7118244477,"PSC 3780, Box 9442, APO AP 85452",Jain,OBC,Minority,Hosteller,Sports,Domestic,B.E,Mechanical Engineering,2020,,C,B+,O,A,A+,B+,O
Jaime Warren,millerjames@hester.com,2001-10-28,Female,6318610634,"193 Alvarez Stravenue, South Daleborough, MD 87439",Muslim,MBC,Minority,Day Scholar,7.5 Reservation,International,B.E,Information Technology,2021,C,B+,B+,B+,B,B+,B+,B
Kristen Torres,scott91@blair.com,2006-12-19,Male,1299252052,"86993 Michael Court Apt. 654, West Francisco, KY 39507",Hindu,OBC,Minority,Hosteller,Sports,Domestic,B.Tech,Information Science and Engineering,2020,A+,A,A+,O,B,B+,B+,
Alexandria Watson,kruegerkelly@gmail.com,2007-08-30,Male,4010858246,"USS Key, FPO AA 62097",Hindu,SC,Non-Minority,Hosteller,Government,Domestic,B.Tech,Mechanical Engineering,2024,A,A,O,A+,A,A,A+,A+
Pamela Spencer,tiffany03@hotmail.com,2005-08-22,Female,2267341810,"0416 Dawn Plains Apt. 554, Brownport, NY 05803",Christian,BC,Non-Minority,Hosteller,Sports,International,B.Tech,Electrical Engineering,2024,O,B+,C,O,A+,B,A+,B
Tracy Garcia,eramirez@gmail.com,1999-09-08,Female,2213511055,"82802 Johnson Wall, North Timothyville, AR 10334",Muslim,SC,Non-Minority,Hosteller,Government,International,B.E,Mechanical Engineering,2022,O,O,B+,B,,B,C,A+
Andrea Morales,cathybrooks@yahoo.com,2004-06-15,Female,4364721043,"436 Joseph Vista, Gonzalezport, WY 85887",Muslim,BC,Minority,Hosteller,7.5 Reservation,Domestic,B.E,Artificial Intelligence,2023,O,C,B,C,O,B+,B+,O
Jacob Morales,smithdanielle@hall-benitez.info,2005-09-10,Male,9616211763,"18636 Keith Locks, Hicksville, KS 87079",Christian,BC,Non-Minority,Hosteller,7.5 Reservation,Domestic,B.E,AIML,2020,B+,B+,C,,C,B+,A,
Kimberly Silva,carly40@hotmail.com,2005-07-06,Female,9094543264,"PSC 3908, Box 5510, APO AP 23414",Jain,ST,Non-Minority,Day Scholar,Government,International,B.Tech,Information Technology,2022,B+,,B,A,C,A,A,O
Kristy Kelly,twilliams@gmail.com,2007-10-11,Female,6292101427,"91014 Charles Coves Suite 835, North Lindaton, NJ 22766",Jain,ST,Minority,Day Scholar,7.5 Reservation,International,B.E,Artificial Intelligence,2024,B+,A+,A+,C,B+,B+,O,C
Jesse Andrews,joshua21@anderson-jones.com,2000-11-05,Female,4504902381,"691 Steven Prairie Suite 899, Lake Robertland, ME 09279",Sikh,OBC,Minority,Hosteller,7.5 Reservation,Domestic,B.E,Information Science and Engineering,2020,B,B,A,A+,C,C,C,O
Chelsea Medina,david64@davidson.com,2002-11-08,Male,2221262858,"878 Michelle Fields Apt. 110, Masseychester, NC 30747",Hindu,SC,Minority,Day Scholar,7.5 Reservation,International,B.E,Mechanical Engineering,2023,O,A+,A+,A+,A+,A+,B,A
Sarah Oconnell DVM,ginakidd@wright.net,2000-12-07,Female,5125732849,"55040 Cassidy Springs Suite 886, Hillbury, NV 26387",Christian,MBC,Non-Minority,Day Scholar,Management,International,B.Tech,Artificial Intelligence,2024,A+,B+,B,C,,B+,B,O
Leslie Gutierrez,johndavidson@gmail.com,2006-02-22,Female,4242378517,"PSC 9062, Box 3837, APO AE 09899",Christian,ST,Minority,Day Scholar,7.5 Reservation,Domestic,B.Tech,Artificial Intelligence,2024,O,,B,B,O,B+,B+,C
Carmen Robbins,leslie23@williams-morales.com,2008-01-26,Male,2231736086,"699 Ashley Heights Apt. 444, East Eric, MI 18021",Jain,MBC,Minority,Hosteller,Government,Domestic,B.Tech,AIML,2023,C,B+,B+,B+,B+,O,A+,B
Gerald Bradford,marywilliams@smith.com,2006-12-30,Female,3592683795,"6185 Sparks Stravenue Suite 883, Butlertown, SD 20394",Christian,ST,Non-Minority,Day Scholar,Sports,Domestic,B.E,Mechanical Engineering,2024,,A+,A+,A,B,B,B,A+
Rachael Jackson,nmitchell@thompson.biz,2002-04-29,Female,6398225977,"2177 Joshua Overpass Suite 906, South Robert, NC 27240",Christian,MBC,Minority,Hosteller,Government,International,B.Tech,Biotechnology,2020,B,A,A,A+,B,B,A,O
Charles Meyer,mrobertson@watkins.com,2001-09-04,Male,0644981595,"19161 Anderson Skyway, Stevenview, AK 34417",Christian,MBC,Non-Minority,Hosteller,7.5 Reservation,International,B.E,AIML,2020,,C,A+,C,,C,O,
Maria Everett,heatherbaker@hotmail.com,2006-10-26,Male,1033458558,"29271 Cooley Loop Apt. 530, North Katherinetown, WV 22330",Sikh,ST,Minority,Hosteller,Sports,Domestic,B.E,Mechanical Engineering,2024,A+,A+,C,A+,B+,B+,A+,
John Harris,madisonblack@gonzales-miranda.info,2002-09-06,Male,4669180050,"PSC 1733, Box 5386, APO AA 79938",Hindu,SC,Non-Minority,Hosteller,Management,Domestic,B.E,Biotechnology,2021,C,O,B+,C,B,,A,C
Steven Jones,victoriapham@gibson.org,2002-02-27,Female,1737563314,"6597 Tony Hill, Torresville, NH 00688",Muslim,MBC,Minority,Day Scholar,7.5 Reservation,Domestic,B.E,Artificial Intelligence,2022,A,A+,,,C,,O,O
Mitchell Sanders,bblake@smith.net,2000-06-24,Female,8176395492,"400 Washington Ports Apt. 417, East Jaime, MO 40979",Hindu,BC,Non-Minority,Day Scholar,Government,Domestic,B.E,Information Science and Engineering,2023,O,A,B,,O,B+,B,O
Peter Coleman,browningsandra@gmail.com,2006-05-08,Male,9984632983,"097 Sheri Plain, Emilystad, VA 65512",Jain,ST,Minority,Day Scholar,Management,International,B.Tech,Biotechnology,2024,,C,B+,,A,B,,B+
Aaron Mckay,owelch@hopkins.com,2007-08-09,Male,8105627779,"331 Odonnell Islands Apt. 047, West Jessicatown, KS 92729",Muslim,OBC,Minority,Hosteller,Government,International,B.Tech,Fashion Technology,2023,A+,O,O,A+,B,C,,A
Brian Pham,jeffreygoodwin@prince-wright.com,2006-02-02,Male,4270828549,"62867 Linda Ferry, Port Noahview, WI 85308",Hindu,OBC,Non-Minority,Day Scholar,Sports,International,B.Tech,Biotechnology,2020,A+,A+,A+,C,A+,,B,A
Scott Lopez,brian59@gmail.com,2007-11-16,Male,6841698476,"PSC 9968, Box 5822, APO AA 39453",Hindu,SC,Minority,Hosteller,Government,International,B.Tech,Information Science and Engineering,2022,C,A+,O,A,B,O,O,C
Mary Maddox,kellykyle@hotmail.com,2001-10-13,Male,2912200822,"262 Nicholas Course Suite 334, Hallbury, DE 89390",Hindu,ST,Minority,Day Scholar,Management,Domestic,B.Tech,Electrical Engineering,2023,B+,B,A+,O,A+,B,B+,B+
Katelyn Ayala,mark61@gmail.com,2001-03-15,Female,6814891166,"117 Mayer Knolls, West Davidborough, IA 43870",Muslim,OBC,Minority,Hosteller,Sports,Domestic,B.Tech,Information Technology,2021,O,A,B,A+,B,A,A+,B+
Amy Sanders,nicholsjennifer@yahoo.com,2000-06-15,Male,8767427387,"52385 Leach Lake Apt. 980, Jillberg, MI 56665",Sikh,SC,Minority,Day Scholar,Management,International,B.E,Biotechnology,2022,A+,B,B+,C,O,B,A,C
David Mckinney,jonathanharvey@montes-travis.com,2007-08-03,Male,9881100331,"Unit 4337 Box 5545, DPO AA 49721",Hindu,ST,Non-Minority,Hosteller,Government,International,B.Tech,Food Technology,2021,B,B+,B+,A,A+,O,B+,B+
Jeffery Hill,lauraconley@hotmail.com,2005-01-07,Male,0485769790,"92992 Robert Mountains Apt. 624, Nguyenton, VA 37987",Christian,SC,Non-Minority,Day Scholar,Sports,Domestic,B.Tech,Electrical Engineering,2023,B,A,,O,B,A+,B+,A
Vicki Ochoa,susanthornton@yahoo.com,2007-03-10,Female,6457870374,"41588 Abigail Mill Suite 455, North Jenniferhaven, MD 93374",Jain,BC,Minority,Hosteller,7.5 Reservation,International,B.Tech,Mechanical Engineering,2022,B,C,C,B,B+,,C,A+
Eric Vincent,nguyendamon@yahoo.com,2008-01-10,Male,3005999896,"56215 Acosta Ports, Garrettshire, PA 72984",Christian,SC,Non-Minority,Hosteller,Sports,International,B.E,Mechanical Engineering,2021,A,,C,B+,C,O,B+,B
Kayla Payne,andradejeffrey@gmail.com,1999-08-06,Male,8691883002,"87915 Brandon River Apt. 527, Wendyberg, DC 51481",Jain,MBC,Non-Minority,Hosteller,Sports,International,B.E,Food Technology,2021,O,,,O,B,C,O,C
Brian Smith,jon00@yahoo.com,2001-12-04,Female,3498169901,"090 Smith Ports Apt. 285, Teresaton, VT 14781",Muslim,ST,Minority,Hosteller,Sports,Domestic,B.Tech,Food Technology,2023,B,A+,A+,,C,C,C,B+
Craig Anderson,zelliott@gmail.com,2000-05-18,Male,7002312468,"737 Janet Lodge Suite 482, Ryanfort, UT 96701",Hindu,OBC,Minority,Day Scholar,7.5 Reservation,International,B.Tech,Biotechnology,2023,A,C,A+,A,B,A,B+,
Elizabeth Hamilton,wilsontimothy@harrison.biz,2006-12-31,Male,8119862037,"111 Stanley Villages, Lake Teresa, WI 71444",Muslim,BC,Non-Minority,Hosteller,Management,International,B.Tech,Fashion Technology,2021,,B,C,A,A,O,B+,A
Juan Navarro,lsmith@hotmail.com,2005-12-01,Male,6022892872,"67875 Joel Center Suite 958, Teresastad, UT 09696",Hindu,SC,Non-Minority,Day Scholar,7.5 Reservation,Domestic,B.Tech,Biotechnology,2023,A+,B,C,C,B+,A,B+,B
Stacy Thomas,joanna35@gmail.com,2002-11-11,Female,1771862223,"4294 Curtis Place, North Scottborough, ME 77401",Sikh,ST,Non-Minority,Day Scholar,Government,Domestic,B.Tech,Biotechnology,2022,O,B,O,A,B+,,B,O
Robert Mack,nancy64@james.com,2005-06-07,Female,3674457081,"94955 Flores Cape, North Ashleyland, ND 48416",Jain,MBC,Minority,Day Scholar,Government,International,B.Tech,Artificial Intelligence,2020,B,A,C,,,B,B,A+
Emma Horn,robertsonbeverly@hotmail.com,2006-09-09,Male,4750684573,"16514 Elliott Road, Garciaburgh, MO 80220",Sikh,SC,Non-Minority,Day Scholar,Management,Domestic,B.E,Information Technology,2022,C,C,A,A,O,B+,,B
Eric Freeman,linda31@gmail.com,1999-07-21,Female,8944502791,"9274 Holmes Springs Apt. 510, Cooperfort, WY 58005",Hindu,ST,Minority,Hosteller,7.5 Reservation,Domestic,B.E,Electrical Engineering,2024,A,A+,A,B,A,,A,A
